method,id,gold,base_label,predicted_label,biolinkbert_label,uncertainty_score,audit_score,label_entropy,maybe_fraction,inconclusive_fraction,mean_disagreement_with_mode,flip_rate,panel_uncertainty_conf,bert_is_maybe,semantic_entropy,supported,refuted,silent
debate_balanced90_ollama_r2_bertgate,pubmedqa-official-12377809,yes,yes,yes,yes,,,,,,,,,,,,,
debate_balanced90_ollama_r2_bertgate,pubmedqa-official-24577079,no,no,no,no,,,,,,,,,,,,,
debate_balanced90_ollama_r2_bertgate,pubmedqa-official-18284441,maybe,yes,yes,yes,,,,,,,,,,,,,
debate_balanced90_ollama_r2_bertgate,pubmedqa-official-26163474,yes,yes,yes,yes,,,,,,,,,,,,,
debate_balanced90_ollama_r2_bertgate,pubmedqa-official-24669960,no,no,no,no,,,,,,,,,,,,,
debate_balanced90_ollama_r2_bertgate,pubmedqa-official-18802997,maybe,yes,yes,yes,,,,,,,,,,,,,
debate_balanced90_ollama_r2_bertgate,pubmedqa-official-19100463,yes,yes,yes,yes,,,,,,,,,,,,,
debate_balanced90_ollama_r2_bertgate,pubmedqa-official-15502995,no,no,no,no,,,,,,,,,,,,,
debate_balanced90_ollama_r2_bertgate,pubmedqa-official-17621202,maybe,no,no,no,,,,,,,,,,,,,
debate_balanced90_ollama_r2_bertgate,pubmedqa-official-18537964,yes,yes,yes,yes,,,,,,,,,,,,,
debate_balanced90_ollama_r2_bertgate,pubmedqa-official-21214884,no,no,no,no,,,,,,,,,,,,,
debate_balanced90_ollama_r2_bertgate,pubmedqa-official-11411430,maybe,yes,yes,yes,,,,,,,,,,,,,
debate_balanced90_ollama_r2_bertgate,pubmedqa-official-12913878,yes,yes,yes,yes,,,,,,,,,,,,,
debate_balanced90_ollama_r2_bertgate,pubmedqa-official-24476003,no,no,no,no,,,,,,,,,,,,,
debate_balanced90_ollama_r2_bertgate,pubmedqa-official-26708803,maybe,yes,yes,yes,,,,,,,,,,,,,
debate_balanced90_ollama_r2_bertgate,pubmedqa-official-12765819,yes,yes,yes,yes,,,,,,,,,,,,,
debate_balanced90_ollama_r2_bertgate,pubmedqa-official-22758782,no,no,no,no,,,,,,,,,,,,,
debate_balanced90_ollama_r2_bertgate,pubmedqa-official-25079920,maybe,no,no,no,,,,,,,,,,,,,
debate_balanced90_ollama_r2_bertgate,pubmedqa-official-25475395,yes,yes,yes,yes,,,,,,,,,,,,,
debate_balanced90_ollama_r2_bertgate,pubmedqa-official-14627582,no,yes,yes,yes,,,,,,,,,,,,,
debate_balanced90_ollama_r2_bertgate,pubmedqa-official-25793749,maybe,yes,yes,yes,,,,,,,,,,,,,
debate_balanced90_ollama_r2_bertgate,pubmedqa-official-19130332,yes,yes,yes,yes,,,,,,,,,,,,,
debate_balanced90_ollama_r2_bertgate,pubmedqa-official-24666444,no,no,no,no,,,,,,,,,,,,,
debate_balanced90_ollama_r2_bertgate,pubmedqa-official-19103915,maybe,yes,yes,yes,,,,,,,,,,,,,
debate_balanced90_ollama_r2_bertgate,pubmedqa-official-9427037,yes,yes,yes,yes,,,,,,,,,,,,,
debate_balanced90_ollama_r2_bertgate,pubmedqa-official-18496363,no,no,no,no,,,,,,,,,,,,,
debate_balanced90_ollama_r2_bertgate,pubmedqa-official-11867487,maybe,maybe,maybe,maybe,,,,,,,,,,,,,
debate_balanced90_ollama_r2_bertgate,pubmedqa-official-24481006,yes,yes,yes,yes,,,,,,,,,,,,,
debate_balanced90_ollama_r2_bertgate,pubmedqa-official-12040336,no,no,no,no,,,,,,,,,,,,,
debate_balanced90_ollama_r2_bertgate,pubmedqa-official-12630042,maybe,yes,yes,yes,,,,,,,,,,,,,
debate_balanced90_ollama_r2_bertgate,pubmedqa-official-8165771,yes,yes,yes,yes,,,,,,,,,,,,,
debate_balanced90_ollama_r2_bertgate,pubmedqa-official-14631523,no,no,no,no,,,,,,,,,,,,,
debate_balanced90_ollama_r2_bertgate,pubmedqa-official-19468282,maybe,no,no,no,,,,,,,,,,,,,
debate_balanced90_ollama_r2_bertgate,pubmedqa-official-22680064,yes,yes,yes,yes,,,,,,,,,,,,,
debate_balanced90_ollama_r2_bertgate,pubmedqa-official-21823940,no,no,no,no,,,,,,,,,,,,,
debate_balanced90_ollama_r2_bertgate,pubmedqa-official-16538201,maybe,yes,yes,yes,,,,,,,,,,,,,
debate_balanced90_ollama_r2_bertgate,pubmedqa-official-22540518,yes,yes,yes,yes,,,,,,,,,,,,,
debate_balanced90_ollama_r2_bertgate,pubmedqa-official-17971187,no,no,no,no,,,,,,,,,,,,,
debate_balanced90_ollama_r2_bertgate,pubmedqa-official-20971618,maybe,no,no,no,,,,,,,,,,,,,
debate_balanced90_ollama_r2_bertgate,pubmedqa-official-20629769,yes,yes,yes,yes,,,,,,,,,,,,,
debate_balanced90_ollama_r2_bertgate,pubmedqa-official-27642458,no,no,no,no,,,,,,,,,,,,,
debate_balanced90_ollama_r2_bertgate,pubmedqa-official-24336869,maybe,maybe,maybe,maybe,,,,,,,,,,,,,
debate_balanced90_ollama_r2_bertgate,pubmedqa-official-21726930,yes,yes,yes,yes,,,,,,,,,,,,,
debate_balanced90_ollama_r2_bertgate,pubmedqa-official-12970636,no,no,no,no,,,,,,,,,,,,,
debate_balanced90_ollama_r2_bertgate,pubmedqa-official-20197761,maybe,no,no,no,,,,,,,,,,,,,
debate_balanced90_ollama_r2_bertgate,pubmedqa-official-21481154,yes,yes,yes,yes,,,,,,,,,,,,,
debate_balanced90_ollama_r2_bertgate,pubmedqa-official-11138995,no,no,no,no,,,,,,,,,,,,,
debate_balanced90_ollama_r2_bertgate,pubmedqa-official-16968876,maybe,yes,yes,yes,,,,,,,,,,,,,
debate_balanced90_ollama_r2_bertgate,pubmedqa-official-22902073,yes,yes,yes,yes,,,,,,,,,,,,,
debate_balanced90_ollama_r2_bertgate,pubmedqa-official-15388567,no,no,no,no,,,,,,,,,,,,,
debate_balanced90_ollama_r2_bertgate,pubmedqa-official-26778755,maybe,no,no,no,,,,,,,,,,,,,
debate_balanced90_ollama_r2_bertgate,pubmedqa-official-26370095,yes,no,no,no,,,,,,,,,,,,,
debate_balanced90_ollama_r2_bertgate,pubmedqa-official-19142546,no,no,no,no,,,,,,,,,,,,,
debate_balanced90_ollama_r2_bertgate,pubmedqa-official-18568290,maybe,no,no,no,,,,,,,,,,,,,
debate_balanced90_ollama_r2_bertgate,pubmedqa-official-18041059,yes,no,no,no,,,,,,,,,,,,,
debate_balanced90_ollama_r2_bertgate,pubmedqa-official-8921484,no,no,no,no,,,,,,,,,,,,,
debate_balanced90_ollama_r2_bertgate,pubmedqa-official-25371231,maybe,no,no,no,,,,,,,,,,,,,
debate_balanced90_ollama_r2_bertgate,pubmedqa-official-15041506,yes,yes,yes,yes,,,,,,,,,,,,,
debate_balanced90_ollama_r2_bertgate,pubmedqa-official-26209118,no,no,no,no,,,,,,,,,,,,,
debate_balanced90_ollama_r2_bertgate,pubmedqa-official-25394614,maybe,no,no,no,,,,,,,,,,,,,
debate_balanced90_ollama_r2_bertgate,pubmedqa-official-11146778,yes,no,no,no,,,,,,,,,,,,,
debate_balanced90_ollama_r2_bertgate,pubmedqa-official-22668852,no,no,no,no,,,,,,,,,,,,,
debate_balanced90_ollama_r2_bertgate,pubmedqa-official-11570976,maybe,no,no,no,,,,,,,,,,,,,
debate_balanced90_ollama_r2_bertgate,pubmedqa-official-27281318,yes,yes,yes,yes,,,,,,,,,,,,,
debate_balanced90_ollama_r2_bertgate,pubmedqa-official-18019905,no,no,no,no,,,,,,,,,,,,,
debate_balanced90_ollama_r2_bertgate,pubmedqa-official-16816043,maybe,maybe,maybe,maybe,,,,,,,,,,,,,
debate_balanced90_ollama_r2_bertgate,pubmedqa-official-21645374,yes,yes,yes,yes,,,,,,,,,,,,,
debate_balanced90_ollama_r2_bertgate,pubmedqa-official-18378554,no,no,no,no,,,,,,,,,,,,,
debate_balanced90_ollama_r2_bertgate,pubmedqa-official-12805495,maybe,maybe,maybe,maybe,,,,,,,,,,,,,
debate_balanced90_ollama_r2_bertgate,pubmedqa-official-9465206,yes,yes,yes,yes,,,,,,,,,,,,,
debate_balanced90_ollama_r2_bertgate,pubmedqa-official-24073931,no,no,no,no,,,,,,,,,,,,,
debate_balanced90_ollama_r2_bertgate,pubmedqa-official-25571931,maybe,no,no,no,,,,,,,,,,,,,
debate_balanced90_ollama_r2_bertgate,pubmedqa-official-25887165,yes,yes,yes,yes,,,,,,,,,,,,,
debate_balanced90_ollama_r2_bertgate,pubmedqa-official-7547656,no,no,no,no,,,,,,,,,,,,,
debate_balanced90_ollama_r2_bertgate,pubmedqa-official-19578820,maybe,no,no,no,,,,,,,,,,,,,
debate_balanced90_ollama_r2_bertgate,pubmedqa-official-15995461,yes,yes,yes,yes,,,,,,,,,,,,,
debate_balanced90_ollama_r2_bertgate,pubmedqa-official-28359277,no,yes,yes,yes,,,,,,,,,,,,,
debate_balanced90_ollama_r2_bertgate,pubmedqa-official-18243752,maybe,no,no,no,,,,,,,,,,,,,
debate_balanced90_ollama_r2_bertgate,pubmedqa-official-21850494,yes,no,no,yes,,,,,,,,,,,,,
debate_balanced90_ollama_r2_bertgate,pubmedqa-official-18667100,no,no,no,no,,,,,,,,,,,,,
debate_balanced90_ollama_r2_bertgate,pubmedqa-official-11458136,maybe,no,no,no,,,,,,,,,,,,,
debate_balanced90_ollama_r2_bertgate,pubmedqa-official-19106867,yes,yes,yes,yes,,,,,,,,,,,,,
debate_balanced90_ollama_r2_bertgate,pubmedqa-official-10781708,no,no,no,no,,,,,,,,,,,,,
debate_balanced90_ollama_r2_bertgate,pubmedqa-official-12790890,maybe,no,no,no,,,,,,,,,,,,,
debate_balanced90_ollama_r2_bertgate,pubmedqa-official-21342862,yes,yes,yes,yes,,,,,,,,,,,,,
debate_balanced90_ollama_r2_bertgate,pubmedqa-official-22522271,no,no,no,no,,,,,,,,,,,,,
debate_balanced90_ollama_r2_bertgate,pubmedqa-official-18714572,maybe,no,no,no,,,,,,,,,,,,,
debate_balanced90_ollama_r2_bertgate,pubmedqa-official-24352924,yes,yes,yes,yes,,,,,,,,,,,,,
debate_balanced90_ollama_r2_bertgate,pubmedqa-official-11955750,no,no,no,no,,,,,,,,,,,,,
debate_balanced90_ollama_r2_bertgate,pubmedqa-official-25103647,maybe,yes,yes,yes,,,,,,,,,,,,,
debate_balanced90_ollama_r2_uncertainty,pubmedqa-official-12377809,yes,yes,maybe,yes,0.04,,-0.0,0.0,0.0,0.0,0.5,0.0,0.0,,,,
debate_balanced90_ollama_r2_uncertainty,pubmedqa-official-24577079,no,no,no,no,0.7011664260714372,,0.5118595071429148,0.75,1.0,0.24125,0.25,0.85,0.0,,,,
debate_balanced90_ollama_r2_uncertainty,pubmedqa-official-18284441,maybe,yes,yes,yes,0.6010789260714373,,0.5118595071429148,0.75,0.75,0.24,0.25,0.8000000000000002,0.0,,,,
debate_balanced90_ollama_r2_uncertainty,pubmedqa-official-26163474,yes,yes,maybe,yes,0.6212189260714372,,0.5118595071429148,0.75,0.75,0.242,0.5,0.75,0.0,,,,
debate_balanced90_ollama_r2_uncertainty,pubmedqa-official-24669960,no,no,maybe,no,0.1,,-0.0,0.0,0.25,0.0,0.0,0.0,0.0,,,,
debate_balanced90_ollama_r2_uncertainty,pubmedqa-official-18802997,maybe,yes,maybe,yes,0.6009039260714373,,0.5118595071429148,0.75,0.75,0.2375,0.25,0.75,0.0,,,,
debate_balanced90_ollama_r2_uncertainty,pubmedqa-official-19100463,yes,yes,maybe,yes,0.6900000000000001,,-0.0,1.0,1.0,0.0,0.5,0.5,0.0,,,,
debate_balanced90_ollama_r2_uncertainty,pubmedqa-official-15502995,no,no,no,no,0.0,,-0.0,0.0,0.0,0.0,0.0,0.0,0.0,,,,
debate_balanced90_ollama_r2_uncertainty,pubmedqa-official-17621202,maybe,no,no,no,0.0,,-0.0,0.0,0.0,0.0,0.0,0.0,0.0,,,,
debate_balanced90_ollama_r2_uncertainty,pubmedqa-official-18537964,yes,yes,yes,yes,0.0,,-0.0,0.0,0.0,0.0,0.0,0.0,0.0,,,,
debate_balanced90_ollama_r2_uncertainty,pubmedqa-official-21214884,no,no,no,no,0.0,,-0.0,0.0,0.0,0.0,0.0,0.0,0.0,,,,
debate_balanced90_ollama_r2_uncertainty,pubmedqa-official-11411430,maybe,yes,yes,yes,0.67,,-0.0,1.0,1.0,0.0,0.25,0.7124999999999999,0.0,,,,
debate_balanced90_ollama_r2_uncertainty,pubmedqa-official-12913878,yes,yes,yes,yes,0.02,,-0.0,0.0,0.0,0.0,0.25,0.0,0.0,,,,
debate_balanced90_ollama_r2_uncertainty,pubmedqa-official-24476003,no,no,maybe,no,0.34,,-0.0,0.0,0.75,0.0,0.5,0.0,0.0,,,,
debate_balanced90_ollama_r2_uncertainty,pubmedqa-official-26708803,maybe,yes,yes,yes,0.6900000000000001,,-0.0,1.0,1.0,0.0,0.5,0.8,0.0,,,,
debate_balanced90_ollama_r2_uncertainty,pubmedqa-official-12765819,yes,yes,yes,yes,0.71,,-0.0,1.0,1.0,0.0,0.75,0.85,0.0,,,,
debate_balanced90_ollama_r2_uncertainty,pubmedqa-official-22758782,no,no,no,no,0.4,,-0.0,0.0,1.0,0.0,0.0,0.0,0.0,,,,
debate_balanced90_ollama_r2_uncertainty,pubmedqa-official-25079920,maybe,no,no,no,0.65,,-0.0,1.0,1.0,0.0,0.0,0.7375,0.0,,,,
debate_balanced90_ollama_r2_uncertainty,pubmedqa-official-25475395,yes,yes,yes,yes,0.65,,-0.0,1.0,1.0,0.0,0.0,0.7,0.0,,,,
debate_balanced90_ollama_r2_uncertainty,pubmedqa-official-14627582,no,yes,yes,yes,0.02,,-0.0,0.0,0.0,0.0,0.25,0.0,0.0,,,,
debate_balanced90_ollama_r2_uncertainty,pubmedqa-official-25793749,maybe,yes,yes,yes,0.67,,-0.0,1.0,1.0,0.0,0.25,0.85,0.0,,,,
debate_balanced90_ollama_r2_uncertainty,pubmedqa-official-19130332,yes,yes,yes,yes,0.0,,-0.0,0.0,0.0,0.0,0.0,0.0,0.0,,,,
debate_balanced90_ollama_r2_uncertainty,pubmedqa-official-24666444,no,no,maybe,no,0.42000000000000004,,-0.0,0.0,1.0,0.0,0.25,0.0,0.0,,,,
debate_balanced90_ollama_r2_uncertainty,pubmedqa-official-19103915,maybe,yes,maybe,yes,0.65,,-0.0,1.0,1.0,0.0,0.0,0.8,0.0,,,,
debate_balanced90_ollama_r2_uncertainty,pubmedqa-official-9427037,yes,yes,maybe,yes,0.6003789260714373,,0.5118595071429148,0.75,0.75,0.23,0.25,0.8333333333333334,0.0,,,,
debate_balanced90_ollama_r2_uncertainty,pubmedqa-official-18496363,no,no,no,no,0.67,,-0.0,1.0,1.0,0.0,0.25,0.85,0.0,,,,
debate_balanced90_ollama_r2_uncertainty,pubmedqa-official-11867487,maybe,maybe,maybe,maybe,0.7000000000000001,,-0.0,1.0,1.0,0.0,0.0,0.411,1.0,,,,
debate_balanced90_ollama_r2_uncertainty,pubmedqa-official-24481006,yes,yes,yes,yes,0.0,,-0.0,0.0,0.0,0.0,0.0,0.0,0.0,,,,
debate_balanced90_ollama_r2_uncertainty,pubmedqa-official-12040336,no,no,no,no,0.4,,-0.0,0.0,1.0,0.0,0.0,0.0,0.0,,,,
debate_balanced90_ollama_r2_uncertainty,pubmedqa-official-12630042,maybe,yes,yes,yes,0.02,,-0.0,0.0,0.0,0.0,0.25,0.0,0.0,,,,
debate_balanced90_ollama_r2_uncertainty,pubmedqa-official-8165771,yes,yes,maybe,yes,0.6900000000000001,,-0.0,1.0,1.0,0.0,0.5,0.8,0.0,,,,
debate_balanced90_ollama_r2_uncertainty,pubmedqa-official-14631523,no,no,maybe,no,0.4,,-0.0,0.0,1.0,0.0,0.0,0.0,0.0,,,,
debate_balanced90_ollama_r2_uncertainty,pubmedqa-official-19468282,maybe,no,no,no,0.04,,-0.0,0.0,0.0,0.0,0.5,0.0,0.0,,,,
debate_balanced90_ollama_r2_uncertainty,pubmedqa-official-22680064,yes,yes,yes,yes,0.02,,-0.0,0.0,0.0,0.0,0.25,0.0,0.0,,,,
debate_balanced90_ollama_r2_uncertainty,pubmedqa-official-21823940,no,no,maybe,no,0.67,,-0.0,1.0,1.0,0.0,0.25,0.9,0.0,,,,
debate_balanced90_ollama_r2_uncertainty,pubmedqa-official-16538201,maybe,yes,yes,yes,0.02,,-0.0,0.0,0.0,0.0,0.25,0.0,0.0,,,,
debate_balanced90_ollama_r2_uncertainty,pubmedqa-official-22540518,yes,yes,yes,yes,0.0,,-0.0,0.0,0.0,0.0,0.0,0.0,0.0,,,,
debate_balanced90_ollama_r2_uncertainty,pubmedqa-official-17971187,no,no,no,no,0.0,,-0.0,0.0,0.0,0.0,0.0,0.0,0.0,,,,
debate_balanced90_ollama_r2_uncertainty,pubmedqa-official-20971618,maybe,no,no,no,0.6641394630357187,,0.6309297535714575,0.5,1.0,0.35,0.25,0.7,0.0,,,,
debate_balanced90_ollama_r2_uncertainty,pubmedqa-official-20629769,yes,yes,maybe,yes,0.65,,-0.0,1.0,1.0,0.0,0.0,0.8,0.0,,,,
debate_balanced90_ollama_r2_uncertainty,pubmedqa-official-27642458,no,no,no,no,0.0,,-0.0,0.0,0.0,0.0,0.0,0.0,0.0,,,,
debate_balanced90_ollama_r2_uncertainty,pubmedqa-official-24336869,maybe,maybe,maybe,maybe,0.7000000000000001,,-0.0,1.0,1.0,0.0,0.0,0.8,1.0,,,,
debate_balanced90_ollama_r2_uncertainty,pubmedqa-official-21726930,yes,yes,yes,yes,0.02,,-0.0,0.0,0.0,0.0,0.25,0.0,0.0,,,,
debate_balanced90_ollama_r2_uncertainty,pubmedqa-official-12970636,no,no,no,no,0.6900000000000001,,-0.0,1.0,1.0,0.0,0.5,0.7,0.0,,,,
debate_balanced90_ollama_r2_uncertainty,pubmedqa-official-20197761,maybe,no,no,no,0.0,,-0.0,0.0,0.0,0.0,0.0,0.0,0.0,,,,
debate_balanced90_ollama_r2_uncertainty,pubmedqa-official-21481154,yes,yes,yes,yes,0.6900000000000001,,-0.0,1.0,1.0,0.0,0.5,0.825,0.0,,,,
debate_balanced90_ollama_r2_uncertainty,pubmedqa-official-11138995,no,no,no,no,0.4,,-0.0,0.0,1.0,0.0,0.0,0.0,0.0,,,,
debate_balanced90_ollama_r2_uncertainty,pubmedqa-official-16968876,maybe,yes,yes,yes,0.0,,-0.0,0.0,0.0,0.0,0.0,0.0,0.0,,,,
debate_balanced90_ollama_r2_uncertainty,pubmedqa-official-22902073,yes,yes,yes,yes,0.02,,-0.0,0.0,0.0,0.0,0.25,0.0,0.0,,,,
debate_balanced90_ollama_r2_uncertainty,pubmedqa-official-15388567,no,no,no,no,0.0,,-0.0,0.0,0.0,0.0,0.0,0.0,0.0,,,,
debate_balanced90_ollama_r2_uncertainty,pubmedqa-official-26778755,maybe,no,no,no,0.67,,-0.0,1.0,1.0,0.0,0.25,0.85,0.0,,,,
debate_balanced90_ollama_r2_uncertainty,pubmedqa-official-26370095,yes,no,maybe,no,0.6900000000000001,,-0.0,1.0,1.0,0.0,0.5,0.85,0.0,,,,
debate_balanced90_ollama_r2_uncertainty,pubmedqa-official-19142546,no,no,no,no,0.0,,-0.0,0.0,0.0,0.0,0.0,0.0,0.0,,,,
debate_balanced90_ollama_r2_uncertainty,pubmedqa-official-18568290,maybe,no,maybe,no,0.7391539260714373,,0.5118595071429148,0.75,1.0,0.2125,0.75,0.85,0.0,,,,
debate_balanced90_ollama_r2_uncertainty,pubmedqa-official-18041059,yes,no,no,no,0.02,,-0.0,0.0,0.0,0.0,0.25,0.0,0.0,,,,
debate_balanced90_ollama_r2_uncertainty,pubmedqa-official-8921484,no,no,maybe,no,0.1,,-0.0,0.0,0.25,0.0,0.0,0.0,0.0,,,,
debate_balanced90_ollama_r2_uncertainty,pubmedqa-official-25371231,maybe,no,maybe,no,0.67,,-0.0,1.0,1.0,0.0,0.25,0.5,0.0,,,,
debate_balanced90_ollama_r2_uncertainty,pubmedqa-official-15041506,yes,yes,yes,yes,0.71,,-0.0,1.0,1.0,0.0,0.75,0.75,0.0,,,,
debate_balanced90_ollama_r2_uncertainty,pubmedqa-official-26209118,no,no,maybe,no,0.42000000000000004,,-0.0,0.0,1.0,0.0,0.25,0.0,0.0,,,,
debate_balanced90_ollama_r2_uncertainty,pubmedqa-official-25394614,maybe,no,no,no,0.0,,-0.0,0.0,0.0,0.0,0.0,0.0,0.0,,,,
debate_balanced90_ollama_r2_uncertainty,pubmedqa-official-11146778,yes,no,maybe,no,0.4,,-0.0,0.0,1.0,0.0,0.0,0.0,0.0,,,,
debate_balanced90_ollama_r2_uncertainty,pubmedqa-official-22668852,no,no,no,no,0.02,,-0.0,0.0,0.0,0.0,0.25,0.0,0.0,,,,
debate_balanced90_ollama_r2_uncertainty,pubmedqa-official-11570976,maybe,no,no,no,0.4,,-0.0,0.0,1.0,0.0,0.0,0.0,0.0,,,,
debate_balanced90_ollama_r2_uncertainty,pubmedqa-official-27281318,yes,yes,yes,yes,0.6000289260714373,,0.5118595071429148,0.75,0.75,0.225,0.25,0.6,0.0,,,,
debate_balanced90_ollama_r2_uncertainty,pubmedqa-official-18019905,no,no,no,no,0.65,,-0.0,1.0,1.0,0.0,0.0,0.9,0.0,,,,
debate_balanced90_ollama_r2_uncertainty,pubmedqa-official-16816043,maybe,maybe,maybe,maybe,0.7000000000000001,,-0.0,1.0,1.0,0.0,0.0,0.951,1.0,,,,
debate_balanced90_ollama_r2_uncertainty,pubmedqa-official-21645374,yes,yes,yes,yes,0.48763946303571865,,0.6309297535714575,0.5,0.5,0.4,0.5,0.8,0.0,,,,
debate_balanced90_ollama_r2_uncertainty,pubmedqa-official-18378554,no,no,maybe,no,0.6900000000000001,,-0.0,1.0,1.0,0.0,0.5,0.85,0.0,,,,
debate_balanced90_ollama_r2_uncertainty,pubmedqa-official-12805495,maybe,maybe,maybe,maybe,0.72,,-0.0,1.0,1.0,0.0,0.25,0.98,1.0,,,,
debate_balanced90_ollama_r2_uncertainty,pubmedqa-official-9465206,yes,yes,yes,yes,0.65,,-0.0,1.0,1.0,0.0,0.0,0.525,0.0,,,,
debate_balanced90_ollama_r2_uncertainty,pubmedqa-official-24073931,no,no,no,no,0.67,,-0.0,1.0,1.0,0.0,0.25,0.9,0.0,,,,
debate_balanced90_ollama_r2_uncertainty,pubmedqa-official-25571931,maybe,no,no,no,0.4,,-0.0,0.0,1.0,0.0,0.0,0.0,0.0,,,,
debate_balanced90_ollama_r2_uncertainty,pubmedqa-official-25887165,yes,yes,yes,yes,0.7365289260714373,,0.5118595071429148,0.75,1.0,0.175,0.75,0.6999999999999998,0.0,,,,
debate_balanced90_ollama_r2_uncertainty,pubmedqa-official-7547656,no,no,no,no,0.0,,-0.0,0.0,0.0,0.0,0.0,0.0,0.0,,,,
debate_balanced90_ollama_r2_uncertainty,pubmedqa-official-19578820,maybe,no,no,no,0.0,,-0.0,0.0,0.0,0.0,0.0,0.0,0.0,,,,
debate_balanced90_ollama_r2_uncertainty,pubmedqa-official-15995461,yes,yes,yes,yes,0.67,,-0.0,1.0,1.0,0.0,0.25,0.65,0.0,,,,
debate_balanced90_ollama_r2_uncertainty,pubmedqa-official-28359277,no,yes,maybe,yes,0.65,,-0.0,1.0,1.0,0.0,0.0,0.85,0.0,,,,
debate_balanced90_ollama_r2_uncertainty,pubmedqa-official-18243752,maybe,no,no,no,0.5915289260714373,,0.5118595071429148,0.25,1.0,0.175,0.5,0.7,0.0,,,,
debate_balanced90_ollama_r2_uncertainty,pubmedqa-official-21850494,yes,yes,yes,yes,0.65,,-0.0,1.0,1.0,0.0,0.0,0.6,0.0,,,,
debate_balanced90_ollama_r2_uncertainty,pubmedqa-official-18667100,no,no,maybe,no,0.4,,-0.0,0.0,1.0,0.0,0.0,0.0,0.0,,,,
debate_balanced90_ollama_r2_uncertainty,pubmedqa-official-11458136,maybe,no,no,no,0.0,,-0.0,0.0,0.0,0.0,0.0,0.0,0.0,,,,
debate_balanced90_ollama_r2_uncertainty,pubmedqa-official-19106867,yes,yes,maybe,yes,0.65,,-0.0,1.0,1.0,0.0,0.0,0.625,0.0,,,,
debate_balanced90_ollama_r2_uncertainty,pubmedqa-official-10781708,no,no,maybe,no,0.67,,-0.0,1.0,1.0,0.0,0.25,0.85,0.0,,,,
debate_balanced90_ollama_r2_uncertainty,pubmedqa-official-12790890,maybe,no,no,no,0.4,,-0.0,0.0,1.0,0.0,0.0,0.0,0.0,,,,
debate_balanced90_ollama_r2_uncertainty,pubmedqa-official-21342862,yes,yes,yes,yes,0.02,,-0.0,0.0,0.0,0.0,0.25,0.0,0.0,,,,
debate_balanced90_ollama_r2_uncertainty,pubmedqa-official-22522271,no,no,maybe,no,0.4,,-0.0,0.0,1.0,0.0,0.0,0.0,0.0,,,,
debate_balanced90_ollama_r2_uncertainty,pubmedqa-official-18714572,maybe,no,no,no,0.4,,-0.0,0.0,1.0,0.0,0.0,0.0,0.0,,,,
debate_balanced90_ollama_r2_uncertainty,pubmedqa-official-24352924,yes,yes,yes,yes,0.71,,-0.0,1.0,1.0,0.0,0.75,0.7,0.0,,,,
debate_balanced90_ollama_r2_uncertainty,pubmedqa-official-11955750,no,no,maybe,no,0.4,,-0.0,0.0,1.0,0.0,0.0,0.0,0.0,,,,
debate_balanced90_ollama_r2_uncertainty,pubmedqa-official-25103647,maybe,yes,maybe,yes,0.67,,-0.0,1.0,1.0,0.0,0.25,0.7,0.0,,,,
debate_pqal500_biolinkbert,pubmedqa-official-12377809,yes,yes,yes,yes,,,,,,,,,,,,,
debate_pqal500_biolinkbert,pubmedqa-official-26163474,yes,yes,yes,yes,,,,,,,,,,,,,
debate_pqal500_biolinkbert,pubmedqa-official-19100463,yes,yes,yes,yes,,,,,,,,,,,,,
debate_pqal500_biolinkbert,pubmedqa-official-18537964,yes,yes,yes,yes,,,,,,,,,,,,,
debate_pqal500_biolinkbert,pubmedqa-official-12913878,yes,yes,yes,yes,,,,,,,,,,,,,
debate_pqal500_biolinkbert,pubmedqa-official-12765819,yes,yes,yes,yes,,,,,,,,,,,,,
debate_pqal500_biolinkbert,pubmedqa-official-25475395,yes,yes,yes,yes,,,,,,,,,,,,,
debate_pqal500_biolinkbert,pubmedqa-official-19130332,yes,yes,yes,yes,,,,,,,,,,,,,
debate_pqal500_biolinkbert,pubmedqa-official-9427037,yes,yes,yes,yes,,,,,,,,,,,,,
debate_pqal500_biolinkbert,pubmedqa-official-24481006,yes,yes,yes,yes,,,,,,,,,,,,,
debate_pqal500_biolinkbert,pubmedqa-official-8165771,yes,yes,yes,yes,,,,,,,,,,,,,
debate_pqal500_biolinkbert,pubmedqa-official-22680064,yes,yes,yes,yes,,,,,,,,,,,,,
debate_pqal500_biolinkbert,pubmedqa-official-22540518,yes,yes,yes,yes,,,,,,,,,,,,,
debate_pqal500_biolinkbert,pubmedqa-official-20629769,yes,yes,yes,yes,,,,,,,,,,,,,
debate_pqal500_biolinkbert,pubmedqa-official-21726930,yes,yes,yes,yes,,,,,,,,,,,,,
debate_pqal500_biolinkbert,pubmedqa-official-21481154,yes,yes,yes,yes,,,,,,,,,,,,,
debate_pqal500_biolinkbert,pubmedqa-official-22902073,yes,yes,yes,yes,,,,,,,,,,,,,
debate_pqal500_biolinkbert,pubmedqa-official-26370095,yes,no,no,no,,,,,,,,,,,,,
debate_pqal500_biolinkbert,pubmedqa-official-18041059,yes,no,no,no,,,,,,,,,,,,,
debate_pqal500_biolinkbert,pubmedqa-official-15041506,yes,yes,yes,yes,,,,,,,,,,,,,
debate_pqal500_biolinkbert,pubmedqa-official-11146778,yes,no,no,no,,,,,,,,,,,,,
debate_pqal500_biolinkbert,pubmedqa-official-27281318,yes,yes,yes,yes,,,,,,,,,,,,,
debate_pqal500_biolinkbert,pubmedqa-official-21645374,yes,yes,yes,yes,,,,,,,,,,,,,
debate_pqal500_biolinkbert,pubmedqa-official-9465206,yes,yes,yes,yes,,,,,,,,,,,,,
debate_pqal500_biolinkbert,pubmedqa-official-25887165,yes,yes,yes,yes,,,,,,,,,,,,,
debate_pqal500_biolinkbert,pubmedqa-official-15995461,yes,yes,yes,yes,,,,,,,,,,,,,
debate_pqal500_biolinkbert,pubmedqa-official-21850494,yes,yes,yes,yes,,,,,,,,,,,,,
debate_pqal500_biolinkbert,pubmedqa-official-19106867,yes,yes,yes,yes,,,,,,,,,,,,,
debate_pqal500_biolinkbert,pubmedqa-official-21342862,yes,yes,yes,yes,,,,,,,,,,,,,
debate_pqal500_biolinkbert,pubmedqa-official-24352924,yes,yes,yes,yes,,,,,,,,,,,,,
debate_pqal500_biolinkbert,pubmedqa-official-16147837,yes,yes,yes,yes,,,,,,,,,,,,,
debate_pqal500_biolinkbert,pubmedqa-official-26879871,yes,yes,yes,yes,,,,,,,,,,,,,
debate_pqal500_biolinkbert,pubmedqa-official-15918864,yes,yes,yes,yes,,,,,,,,,,,,,
debate_pqal500_biolinkbert,pubmedqa-official-22075911,yes,yes,yes,yes,,,,,,,,,,,,,
debate_pqal500_biolinkbert,pubmedqa-official-11035130,yes,no,no,no,,,,,,,,,,,,,
debate_pqal500_biolinkbert,pubmedqa-official-21228436,yes,yes,yes,yes,,,,,,,,,,,,,
debate_pqal500_biolinkbert,pubmedqa-official-11833948,yes,no,no,no,,,,,,,,,,,,,
debate_pqal500_biolinkbert,pubmedqa-official-17682349,yes,yes,yes,yes,,,,,,,,,,,,,
debate_pqal500_biolinkbert,pubmedqa-official-17355582,yes,yes,yes,yes,,,,,,,,,,,,,
debate_pqal500_biolinkbert,pubmedqa-official-15597845,yes,yes,yes,yes,,,,,,,,,,,,,
debate_pqal500_biolinkbert,pubmedqa-official-10158597,yes,yes,yes,yes,,,,,,,,,,,,,
debate_pqal500_biolinkbert,pubmedqa-official-27549226,yes,maybe,maybe,maybe,,,,,,,,,,,,,
debate_pqal500_biolinkbert,pubmedqa-official-26348845,yes,yes,yes,yes,,,,,,,,,,,,,
debate_pqal500_biolinkbert,pubmedqa-official-25588461,yes,yes,yes,yes,,,,,,,,,,,,,
debate_pqal500_biolinkbert,pubmedqa-official-23359100,yes,yes,yes,yes,,,,,,,,,,,,,
debate_pqal500_biolinkbert,pubmedqa-official-26548832,yes,maybe,maybe,maybe,,,,,,,,,,,,,
debate_pqal500_biolinkbert,pubmedqa-official-25756710,yes,yes,yes,yes,,,,,,,,,,,,,
debate_pqal500_biolinkbert,pubmedqa-official-20297950,yes,yes,yes,yes,,,,,,,,,,,,,
debate_pqal500_biolinkbert,pubmedqa-official-24622801,yes,yes,yes,yes,,,,,,,,,,,,,
debate_pqal500_biolinkbert,pubmedqa-official-9722752,yes,no,no,no,,,,,,,,,,,,,
debate_pqal500_biolinkbert,pubmedqa-official-20577124,yes,yes,yes,yes,,,,,,,,,,,,,
debate_pqal500_biolinkbert,pubmedqa-official-19027440,yes,maybe,maybe,maybe,,,,,,,,,,,,,
debate_pqal500_biolinkbert,pubmedqa-official-18239988,yes,yes,yes,yes,,,,,,,,,,,,,
debate_pqal500_biolinkbert,pubmedqa-official-27858166,yes,yes,yes,yes,,,,,,,,,,,,,
debate_pqal500_biolinkbert,pubmedqa-official-27050489,yes,yes,yes,yes,,,,,,,,,,,,,
debate_pqal500_biolinkbert,pubmedqa-official-16266387,yes,yes,yes,yes,,,,,,,,,,,,,
debate_pqal500_biolinkbert,pubmedqa-official-27287237,yes,yes,yes,yes,,,,,,,,,,,,,
debate_pqal500_biolinkbert,pubmedqa-official-11079675,yes,no,no,no,,,,,,,,,,,,,
debate_pqal500_biolinkbert,pubmedqa-official-10331115,yes,yes,yes,yes,,,,,,,,,,,,,
debate_pqal500_biolinkbert,pubmedqa-official-18594195,yes,yes,yes,yes,,,,,,,,,,,,,
debate_pqal500_biolinkbert,pubmedqa-official-22497340,yes,no,no,no,,,,,,,,,,,,,
debate_pqal500_biolinkbert,pubmedqa-official-16769333,yes,yes,yes,yes,,,,,,,,,,,,,
debate_pqal500_biolinkbert,pubmedqa-official-20571467,yes,yes,yes,yes,,,,,,,,,,,,,
debate_pqal500_biolinkbert,pubmedqa-official-12094116,yes,no,no,no,,,,,,,,,,,,,
debate_pqal500_biolinkbert,pubmedqa-official-17276182,yes,yes,yes,yes,,,,,,,,,,,,,
debate_pqal500_biolinkbert,pubmedqa-official-26419377,yes,yes,yes,yes,,,,,,,,,,,,,
debate_pqal500_biolinkbert,pubmedqa-official-23810330,yes,yes,yes,yes,,,,,,,,,,,,,
debate_pqal500_biolinkbert,pubmedqa-official-15151701,yes,maybe,maybe,maybe,,,,,,,,,,,,,
debate_pqal500_biolinkbert,pubmedqa-official-23736032,yes,no,no,no,,,,,,,,,,,,,
debate_pqal500_biolinkbert,pubmedqa-official-28143468,yes,yes,yes,yes,,,,,,,,,,,,,
debate_pqal500_biolinkbert,pubmedqa-official-23495128,yes,yes,yes,yes,,,,,,,,,,,,,
debate_pqal500_biolinkbert,pubmedqa-official-12121321,yes,yes,yes,yes,,,,,,,,,,,,,
debate_pqal500_biolinkbert,pubmedqa-official-18570208,yes,yes,yes,yes,,,,,,,,,,,,,
debate_pqal500_biolinkbert,pubmedqa-official-28707539,yes,no,no,no,,,,,,,,,,,,,
debate_pqal500_biolinkbert,pubmedqa-official-22117569,yes,yes,yes,yes,,,,,,,,,,,,,
debate_pqal500_biolinkbert,pubmedqa-official-18783922,yes,yes,yes,yes,,,,,,,,,,,,,
debate_pqal500_biolinkbert,pubmedqa-official-15528969,yes,yes,yes,yes,,,,,,,,,,,,,
debate_pqal500_biolinkbert,pubmedqa-official-19482903,yes,no,no,no,,,,,,,,,,,,,
debate_pqal500_biolinkbert,pubmedqa-official-11977907,yes,yes,yes,yes,,,,,,,,,,,,,
debate_pqal500_biolinkbert,pubmedqa-official-17306983,yes,yes,yes,yes,,,,,,,,,,,,,
debate_pqal500_biolinkbert,pubmedqa-official-24318956,yes,no,no,no,,,,,,,,,,,,,
debate_pqal500_biolinkbert,pubmedqa-official-22266735,yes,maybe,maybe,maybe,,,,,,,,,,,,,
debate_pqal500_biolinkbert,pubmedqa-official-22453060,yes,yes,yes,yes,,,,,,,,,,,,,
debate_pqal500_biolinkbert,pubmedqa-official-10401824,yes,yes,yes,yes,,,,,,,,,,,,,
debate_pqal500_biolinkbert,pubmedqa-official-15208005,yes,yes,yes,yes,,,,,,,,,,,,,
debate_pqal500_biolinkbert,pubmedqa-official-16713745,yes,yes,yes,yes,,,,,,,,,,,,,
debate_pqal500_biolinkbert,pubmedqa-official-21864397,yes,yes,yes,yes,,,,,,,,,,,,,
debate_pqal500_biolinkbert,pubmedqa-official-25810292,yes,yes,yes,yes,,,,,,,,,,,,,
debate_pqal500_biolinkbert,pubmedqa-official-11943048,yes,yes,yes,yes,,,,,,,,,,,,,
debate_pqal500_biolinkbert,pubmedqa-official-23347337,yes,yes,yes,yes,,,,,,,,,,,,,
debate_pqal500_biolinkbert,pubmedqa-official-23992109,yes,yes,yes,yes,,,,,,,,,,,,,
debate_pqal500_biolinkbert,pubmedqa-official-10922093,yes,no,no,no,,,,,,,,,,,,,
debate_pqal500_biolinkbert,pubmedqa-official-26601554,yes,yes,yes,yes,,,,,,,,,,,,,
debate_pqal500_biolinkbert,pubmedqa-official-15489384,yes,no,no,no,,,,,,,,,,,,,
debate_pqal500_biolinkbert,pubmedqa-official-27818079,yes,yes,yes,yes,,,,,,,,,,,,,
debate_pqal500_biolinkbert,pubmedqa-official-24340838,yes,no,no,no,,,,,,,,,,,,,
debate_pqal500_biolinkbert,pubmedqa-official-16971978,yes,yes,yes,yes,,,,,,,,,,,,,
debate_pqal500_biolinkbert,pubmedqa-official-21689015,yes,yes,yes,yes,,,,,,,,,,,,,
debate_pqal500_biolinkbert,pubmedqa-official-12846929,yes,no,no,no,,,,,,,,,,,,,
debate_pqal500_biolinkbert,pubmedqa-official-22694248,yes,yes,yes,yes,,,,,,,,,,,,,
debate_pqal500_biolinkbert,pubmedqa-official-15488260,yes,yes,yes,yes,,,,,,,,,,,,,
debate_pqal500_biolinkbert,pubmedqa-official-23690198,yes,no,no,no,,,,,,,,,,,,,
debate_pqal500_biolinkbert,pubmedqa-official-10173769,yes,no,no,no,,,,,,,,,,,,,
debate_pqal500_biolinkbert,pubmedqa-official-12098035,yes,no,no,no,,,,,,,,,,,,,
debate_pqal500_biolinkbert,pubmedqa-official-23448747,yes,yes,yes,yes,,,,,,,,,,,,,
debate_pqal500_biolinkbert,pubmedqa-official-24359102,yes,yes,yes,yes,,,,,,,,,,,,,
debate_pqal500_biolinkbert,pubmedqa-official-14697414,yes,yes,yes,yes,,,,,,,,,,,,,
debate_pqal500_biolinkbert,pubmedqa-official-15050326,yes,yes,yes,yes,,,,,,,,,,,,,
debate_pqal500_biolinkbert,pubmedqa-official-27131771,yes,no,no,no,,,,,,,,,,,,,
debate_pqal500_biolinkbert,pubmedqa-official-26923375,yes,yes,yes,yes,,,,,,,,,,,,,
debate_pqal500_biolinkbert,pubmedqa-official-15841770,yes,yes,yes,yes,,,,,,,,,,,,,
debate_pqal500_biolinkbert,pubmedqa-official-25503376,yes,yes,yes,yes,,,,,,,,,,,,,
debate_pqal500_biolinkbert,pubmedqa-official-19394934,yes,yes,yes,yes,,,,,,,,,,,,,
debate_pqal500_biolinkbert,pubmedqa-official-22188074,yes,yes,yes,yes,,,,,,,,,,,,,
debate_pqal500_biolinkbert,pubmedqa-official-21394762,yes,yes,yes,yes,,,,,,,,,,,,,
debate_pqal500_biolinkbert,pubmedqa-official-9582182,yes,no,no,no,,,,,,,,,,,,,
debate_pqal500_biolinkbert,pubmedqa-official-28056802,yes,yes,yes,yes,,,,,,,,,,,,,
debate_pqal500_biolinkbert,pubmedqa-official-18182265,yes,yes,yes,yes,,,,,,,,,,,,,
debate_pqal500_biolinkbert,pubmedqa-official-9142039,yes,yes,yes,yes,,,,,,,,,,,,,
debate_pqal500_biolinkbert,pubmedqa-official-20084845,yes,yes,yes,yes,,,,,,,,,,,,,
debate_pqal500_biolinkbert,pubmedqa-official-24298614,yes,yes,yes,yes,,,,,,,,,,,,,
debate_pqal500_biolinkbert,pubmedqa-official-12145243,yes,yes,yes,yes,,,,,,,,,,,,,
debate_pqal500_biolinkbert,pubmedqa-official-21952349,yes,yes,yes,yes,,,,,,,,,,,,,
debate_pqal500_biolinkbert,pubmedqa-official-27592038,yes,yes,yes,yes,,,,,,,,,,,,,
debate_pqal500_biolinkbert,pubmedqa-official-25481573,yes,yes,yes,yes,,,,,,,,,,,,,
debate_pqal500_biolinkbert,pubmedqa-official-20306735,yes,maybe,maybe,maybe,,,,,,,,,,,,,
debate_pqal500_biolinkbert,pubmedqa-official-26864326,yes,yes,yes,yes,,,,,,,,,,,,,
debate_pqal500_biolinkbert,pubmedqa-official-21123461,yes,yes,yes,yes,,,,,,,,,,,,,
debate_pqal500_biolinkbert,pubmedqa-official-12963175,yes,yes,yes,yes,,,,,,,,,,,,,
debate_pqal500_biolinkbert,pubmedqa-official-10548670,yes,yes,yes,yes,,,,,,,,,,,,,
debate_pqal500_biolinkbert,pubmedqa-official-21848798,yes,no,no,no,,,,,,,,,,,,,
debate_pqal500_biolinkbert,pubmedqa-official-25675614,yes,yes,yes,yes,,,,,,,,,,,,,
debate_pqal500_biolinkbert,pubmedqa-official-25986020,yes,yes,yes,yes,,,,,,,,,,,,,
debate_pqal500_biolinkbert,pubmedqa-official-18472368,yes,yes,yes,yes,,,,,,,,,,,,,
debate_pqal500_biolinkbert,pubmedqa-official-26578404,yes,yes,yes,yes,,,,,,,,,,,,,
debate_pqal500_biolinkbert,pubmedqa-official-14872327,yes,yes,yes,yes,,,,,,,,,,,,,
debate_pqal500_biolinkbert,pubmedqa-official-23412195,yes,yes,yes,yes,,,,,,,,,,,,,
debate_pqal500_biolinkbert,pubmedqa-official-24139705,yes,no,no,no,,,,,,,,,,,,,
debate_pqal500_biolinkbert,pubmedqa-official-23224030,yes,no,no,no,,,,,,,,,,,,,
debate_pqal500_biolinkbert,pubmedqa-official-24013712,yes,yes,yes,yes,,,,,,,,,,,,,
debate_pqal500_biolinkbert,pubmedqa-official-15943725,yes,yes,yes,yes,,,,,,,,,,,,,
debate_pqal500_biolinkbert,pubmedqa-official-27456836,yes,yes,yes,yes,,,,,,,,,,,,,
debate_pqal500_biolinkbert,pubmedqa-official-24671913,yes,yes,yes,yes,,,,,,,,,,,,,
debate_pqal500_biolinkbert,pubmedqa-official-22825590,yes,yes,yes,yes,,,,,,,,,,,,,
debate_pqal500_biolinkbert,pubmedqa-official-23361217,yes,yes,yes,yes,,,,,,,,,,,,,
debate_pqal500_biolinkbert,pubmedqa-official-18307476,yes,yes,yes,yes,,,,,,,,,,,,,
debate_pqal500_biolinkbert,pubmedqa-official-22237146,yes,yes,yes,yes,,,,,,,,,,,,,
debate_pqal500_biolinkbert,pubmedqa-official-25043083,yes,yes,yes,yes,,,,,,,,,,,,,
debate_pqal500_biolinkbert,pubmedqa-official-26561905,yes,yes,yes,yes,,,,,,,,,,,,,
debate_pqal500_biolinkbert,pubmedqa-official-23517744,yes,no,no,no,,,,,,,,,,,,,
debate_pqal500_biolinkbert,pubmedqa-official-27136599,yes,yes,yes,yes,,,,,,,,,,,,,
debate_pqal500_biolinkbert,pubmedqa-official-10749257,yes,yes,yes,yes,,,,,,,,,,,,,
debate_pqal500_biolinkbert,pubmedqa-official-17598882,yes,yes,yes,yes,,,,,,,,,,,,,
debate_pqal500_biolinkbert,pubmedqa-official-15223779,yes,yes,yes,yes,,,,,,,,,,,,,
debate_pqal500_biolinkbert,pubmedqa-official-16776337,yes,no,no,no,,,,,,,,,,,,,
debate_pqal500_biolinkbert,pubmedqa-official-23916653,yes,yes,yes,yes,,,,,,,,,,,,,
debate_pqal500_biolinkbert,pubmedqa-official-10201555,yes,yes,yes,yes,,,,,,,,,,,,,
debate_pqal500_biolinkbert,pubmedqa-official-24751724,yes,yes,yes,yes,,,,,,,,,,,,,
debate_pqal500_biolinkbert,pubmedqa-official-8910148,yes,yes,yes,yes,,,,,,,,,,,,,
debate_pqal500_biolinkbert,pubmedqa-official-18065862,yes,yes,yes,yes,,,,,,,,,,,,,
debate_pqal500_biolinkbert,pubmedqa-official-22617083,yes,yes,yes,yes,,,,,,,,,,,,,
debate_pqal500_biolinkbert,pubmedqa-official-25499207,yes,yes,yes,yes,,,,,,,,,,,,,
debate_pqal500_biolinkbert,pubmedqa-official-16465002,yes,no,no,no,,,,,,,,,,,,,
debate_pqal500_biolinkbert,pubmedqa-official-25940336,yes,yes,yes,yes,,,,,,,,,,,,,
debate_pqal500_biolinkbert,pubmedqa-official-24191126,yes,yes,yes,yes,,,,,,,,,,,,,
debate_pqal500_biolinkbert,pubmedqa-official-8375607,yes,yes,yes,yes,,,,,,,,,,,,,
debate_pqal500_biolinkbert,pubmedqa-official-26965932,yes,yes,yes,yes,,,,,,,,,,,,,
debate_pqal500_biolinkbert,pubmedqa-official-22012962,yes,yes,yes,yes,,,,,,,,,,,,,
debate_pqal500_biolinkbert,pubmedqa-official-12442934,yes,yes,yes,yes,,,,,,,,,,,,,
debate_pqal500_biolinkbert,pubmedqa-official-19430778,yes,no,no,no,,,,,,,,,,,,,
debate_pqal500_biolinkbert,pubmedqa-official-20605051,yes,yes,yes,yes,,,,,,,,,,,,,
debate_pqal500_biolinkbert,pubmedqa-official-19108857,yes,yes,yes,yes,,,,,,,,,,,,,
debate_pqal500_biolinkbert,pubmedqa-official-24516646,yes,yes,yes,yes,,,,,,,,,,,,,
debate_pqal500_biolinkbert,pubmedqa-official-25752725,yes,yes,yes,yes,,,,,,,,,,,,,
debate_pqal500_biolinkbert,pubmedqa-official-20537205,yes,yes,yes,yes,,,,,,,,,,,,,
debate_pqal500_biolinkbert,pubmedqa-official-20602784,yes,maybe,maybe,maybe,,,,,,,,,,,,,
debate_pqal500_biolinkbert,pubmedqa-official-22302761,yes,yes,yes,yes,,,,,,,,,,,,,
debate_pqal500_biolinkbert,pubmedqa-official-18322741,yes,yes,yes,yes,,,,,,,,,,,,,
debate_pqal500_biolinkbert,pubmedqa-official-14692023,yes,yes,yes,yes,,,,,,,,,,,,,
debate_pqal500_biolinkbert,pubmedqa-official-22348433,yes,yes,yes,yes,,,,,,,,,,,,,
debate_pqal500_biolinkbert,pubmedqa-official-26215326,yes,yes,yes,yes,,,,,,,,,,,,,
debate_pqal500_biolinkbert,pubmedqa-official-23539689,yes,yes,yes,yes,,,,,,,,,,,,,
debate_pqal500_biolinkbert,pubmedqa-official-9363244,yes,no,no,no,,,,,,,,,,,,,
debate_pqal500_biolinkbert,pubmedqa-official-24507422,yes,yes,yes,yes,,,,,,,,,,,,,
debate_pqal500_biolinkbert,pubmedqa-official-22350859,yes,yes,yes,yes,,,,,,,,,,,,,
debate_pqal500_biolinkbert,pubmedqa-official-19640728,yes,maybe,maybe,maybe,,,,,,,,,,,,,
debate_pqal500_biolinkbert,pubmedqa-official-23806388,yes,yes,yes,yes,,,,,,,,,,,,,
debate_pqal500_biolinkbert,pubmedqa-official-9920954,yes,yes,yes,yes,,,,,,,,,,,,,
debate_pqal500_biolinkbert,pubmedqa-official-8916748,yes,yes,yes,yes,,,,,,,,,,,,,
debate_pqal500_biolinkbert,pubmedqa-official-11970923,yes,no,no,no,,,,,,,,,,,,,
debate_pqal500_biolinkbert,pubmedqa-official-19302863,yes,yes,yes,yes,,,,,,,,,,,,,
debate_pqal500_biolinkbert,pubmedqa-official-22532370,yes,yes,yes,yes,,,,,,,,,,,,,
debate_pqal500_biolinkbert,pubmedqa-official-18179827,yes,no,no,no,,,,,,,,,,,,,
debate_pqal500_biolinkbert,pubmedqa-official-18399830,yes,no,no,no,,,,,,,,,,,,,
debate_pqal500_biolinkbert,pubmedqa-official-12595848,yes,yes,yes,yes,,,,,,,,,,,,,
debate_pqal500_biolinkbert,pubmedqa-official-18158048,yes,maybe,maybe,maybe,,,,,,,,,,,,,
debate_pqal500_biolinkbert,pubmedqa-official-23848044,yes,yes,yes,yes,,,,,,,,,,,,,
debate_pqal500_biolinkbert,pubmedqa-official-11481172,yes,yes,yes,yes,,,,,,,,,,,,,
debate_pqal500_biolinkbert,pubmedqa-official-28247485,yes,yes,yes,yes,,,,,,,,,,,,,
debate_pqal500_biolinkbert,pubmedqa-official-24977765,yes,no,no,no,,,,,,,,,,,,,
debate_pqal500_biolinkbert,pubmedqa-official-14551704,yes,yes,yes,yes,,,,,,,,,,,,,
debate_pqal500_biolinkbert,pubmedqa-official-12632437,yes,yes,yes,yes,,,,,,,,,,,,,
debate_pqal500_biolinkbert,pubmedqa-official-20850631,yes,yes,yes,yes,,,,,,,,,,,,,
debate_pqal500_biolinkbert,pubmedqa-official-17565137,yes,maybe,maybe,maybe,,,,,,,,,,,,,
debate_pqal500_biolinkbert,pubmedqa-official-9616411,yes,yes,yes,yes,,,,,,,,,,,,,
debate_pqal500_biolinkbert,pubmedqa-official-22720085,yes,yes,yes,yes,,,,,,,,,,,,,
debate_pqal500_biolinkbert,pubmedqa-official-21074975,yes,yes,yes,yes,,,,,,,,,,,,,
debate_pqal500_biolinkbert,pubmedqa-official-25604390,yes,yes,yes,yes,,,,,,,,,,,,,
debate_pqal500_biolinkbert,pubmedqa-official-14968373,yes,no,no,no,,,,,,,,,,,,,
debate_pqal500_biolinkbert,pubmedqa-official-10135926,yes,no,no,no,,,,,,,,,,,,,
debate_pqal500_biolinkbert,pubmedqa-official-19419587,yes,yes,yes,yes,,,,,,,,,,,,,
debate_pqal500_biolinkbert,pubmedqa-official-23379759,yes,yes,yes,yes,,,,,,,,,,,,,
debate_pqal500_biolinkbert,pubmedqa-official-19923859,yes,no,no,no,,,,,,,,,,,,,
debate_pqal500_biolinkbert,pubmedqa-official-22656647,yes,yes,yes,yes,,,,,,,,,,,,,
debate_pqal500_biolinkbert,pubmedqa-official-12163782,yes,yes,yes,yes,,,,,,,,,,,,,
debate_pqal500_biolinkbert,pubmedqa-official-21658267,yes,yes,yes,yes,,,,,,,,,,,,,
debate_pqal500_biolinkbert,pubmedqa-official-9199905,yes,no,no,no,,,,,,,,,,,,,
debate_pqal500_biolinkbert,pubmedqa-official-23375036,yes,yes,yes,yes,,,,,,,,,,,,,
debate_pqal500_biolinkbert,pubmedqa-official-24495711,yes,yes,yes,yes,,,,,,,,,,,,,
debate_pqal500_biolinkbert,pubmedqa-official-26820719,yes,maybe,maybe,maybe,,,,,,,,,,,,,
debate_pqal500_biolinkbert,pubmedqa-official-26516021,yes,no,no,no,,,,,,,,,,,,,
debate_pqal500_biolinkbert,pubmedqa-official-20064872,yes,yes,yes,yes,,,,,,,,,,,,,
debate_pqal500_biolinkbert,pubmedqa-official-15708048,yes,yes,yes,yes,,,,,,,,,,,,,
debate_pqal500_biolinkbert,pubmedqa-official-29112560,yes,no,no,no,,,,,,,,,,,,,
debate_pqal500_biolinkbert,pubmedqa-official-23949294,yes,maybe,maybe,maybe,,,,,,,,,,,,,
debate_pqal500_biolinkbert,pubmedqa-official-10877371,yes,yes,yes,yes,,,,,,,,,,,,,
debate_pqal500_biolinkbert,pubmedqa-official-23870157,yes,yes,yes,yes,,,,,,,,,,,,,
debate_pqal500_biolinkbert,pubmedqa-official-18540901,yes,yes,yes,yes,,,,,,,,,,,,,
debate_pqal500_biolinkbert,pubmedqa-official-21420186,yes,no,no,no,,,,,,,,,,,,,
debate_pqal500_biolinkbert,pubmedqa-official-12484580,yes,yes,yes,yes,,,,,,,,,,,,,
debate_pqal500_biolinkbert,pubmedqa-official-23321509,yes,yes,yes,yes,,,,,,,,,,,,,
debate_pqal500_biolinkbert,pubmedqa-official-26907557,yes,yes,yes,yes,,,,,,,,,,,,,
debate_pqal500_biolinkbert,pubmedqa-official-22644412,yes,yes,yes,yes,,,,,,,,,,,,,
debate_pqal500_biolinkbert,pubmedqa-official-25521278,yes,yes,yes,yes,,,,,,,,,,,,,
debate_pqal500_biolinkbert,pubmedqa-official-21845457,yes,yes,yes,yes,,,,,,,,,,,,,
debate_pqal500_biolinkbert,pubmedqa-official-18565233,yes,no,no,no,,,,,,,,,,,,,
debate_pqal500_biolinkbert,pubmedqa-official-17894828,yes,yes,yes,yes,,,,,,,,,,,,,
debate_pqal500_biolinkbert,pubmedqa-official-10490564,yes,yes,yes,yes,,,,,,,,,,,,,
debate_pqal500_biolinkbert,pubmedqa-official-7860319,yes,no,no,no,,,,,,,,,,,,,
debate_pqal500_biolinkbert,pubmedqa-official-18568239,yes,no,no,no,,,,,,,,,,,,,
debate_pqal500_biolinkbert,pubmedqa-official-9488747,yes,yes,yes,yes,,,,,,,,,,,,,
debate_pqal500_biolinkbert,pubmedqa-official-20354380,yes,yes,yes,yes,,,,,,,,,,,,,
debate_pqal500_biolinkbert,pubmedqa-official-24245816,yes,yes,yes,yes,,,,,,,,,,,,,
debate_pqal500_biolinkbert,pubmedqa-official-11481599,yes,yes,yes,yes,,,,,,,,,,,,,
debate_pqal500_biolinkbert,pubmedqa-official-27217036,yes,no,no,no,,,,,,,,,,,,,
debate_pqal500_biolinkbert,pubmedqa-official-23283159,yes,yes,yes,yes,,,,,,,,,,,,,
debate_pqal500_biolinkbert,pubmedqa-official-19593710,yes,maybe,maybe,maybe,,,,,,,,,,,,,
debate_pqal500_biolinkbert,pubmedqa-official-18693227,yes,yes,yes,yes,,,,,,,,,,,,,
debate_pqal500_biolinkbert,pubmedqa-official-21346501,yes,yes,yes,yes,,,,,,,,,,,,,
debate_pqal500_biolinkbert,pubmedqa-official-17910536,yes,yes,yes,yes,,,,,,,,,,,,,
debate_pqal500_biolinkbert,pubmedqa-official-26304701,yes,yes,yes,yes,,,,,,,,,,,,,
debate_pqal500_biolinkbert,pubmedqa-official-18616781,yes,yes,yes,yes,,,,,,,,,,,,,
debate_pqal500_biolinkbert,pubmedqa-official-9483814,yes,no,no,no,,,,,,,,,,,,,
debate_pqal500_biolinkbert,pubmedqa-official-12848629,yes,yes,yes,yes,,,,,,,,,,,,,
debate_pqal500_biolinkbert,pubmedqa-official-25280365,yes,yes,yes,yes,,,,,,,,,,,,,
debate_pqal500_biolinkbert,pubmedqa-official-25311479,yes,no,no,no,,,,,,,,,,,,,
debate_pqal500_biolinkbert,pubmedqa-official-16046584,yes,yes,yes,yes,,,,,,,,,,,,,
debate_pqal500_biolinkbert,pubmedqa-official-26418441,yes,yes,yes,yes,,,,,,,,,,,,,
debate_pqal500_biolinkbert,pubmedqa-official-22683044,yes,yes,yes,yes,,,,,,,,,,,,,
debate_pqal500_biolinkbert,pubmedqa-official-26200172,yes,yes,yes,yes,,,,,,,,,,,,,
debate_pqal500_biolinkbert,pubmedqa-official-20121683,yes,yes,yes,yes,,,,,,,,,,,,,
debate_pqal500_biolinkbert,pubmedqa-official-18222909,yes,yes,yes,yes,,,,,,,,,,,,,
debate_pqal500_biolinkbert,pubmedqa-official-12221908,yes,yes,yes,yes,,,,,,,,,,,,,
debate_pqal500_biolinkbert,pubmedqa-official-24014276,yes,yes,yes,yes,,,,,,,,,,,,,
debate_pqal500_biolinkbert,pubmedqa-official-24270957,yes,yes,yes,yes,,,,,,,,,,,,,
debate_pqal500_biolinkbert,pubmedqa-official-18507507,yes,no,no,no,,,,,,,,,,,,,
debate_pqal500_biolinkbert,pubmedqa-official-16772913,yes,maybe,maybe,maybe,,,,,,,,,,,,,
debate_pqal500_biolinkbert,pubmedqa-official-12172698,yes,no,no,no,,,,,,,,,,,,,
debate_pqal500_biolinkbert,pubmedqa-official-26460153,yes,no,no,no,,,,,,,,,,,,,
debate_pqal500_biolinkbert,pubmedqa-official-12419743,yes,yes,yes,yes,,,,,,,,,,,,,
debate_pqal500_biolinkbert,pubmedqa-official-25725704,yes,yes,yes,yes,,,,,,,,,,,,,
debate_pqal500_biolinkbert,pubmedqa-official-25669733,yes,yes,yes,yes,,,,,,,,,,,,,
debate_pqal500_biolinkbert,pubmedqa-official-24614789,yes,yes,yes,yes,,,,,,,,,,,,,
debate_pqal500_biolinkbert,pubmedqa-official-24996865,yes,yes,yes,yes,,,,,,,,,,,,,
debate_pqal500_biolinkbert,pubmedqa-official-18928979,yes,yes,yes,yes,,,,,,,,,,,,,
debate_pqal500_biolinkbert,pubmedqa-official-25699562,yes,yes,yes,yes,,,,,,,,,,,,,
debate_pqal500_biolinkbert,pubmedqa-official-24577079,no,no,no,no,,,,,,,,,,,,,
debate_pqal500_biolinkbert,pubmedqa-official-24669960,no,no,no,no,,,,,,,,,,,,,
debate_pqal500_biolinkbert,pubmedqa-official-15502995,no,no,no,no,,,,,,,,,,,,,
debate_pqal500_biolinkbert,pubmedqa-official-21214884,no,no,no,no,,,,,,,,,,,,,
debate_pqal500_biolinkbert,pubmedqa-official-24476003,no,no,no,no,,,,,,,,,,,,,
debate_pqal500_biolinkbert,pubmedqa-official-22758782,no,no,no,no,,,,,,,,,,,,,
debate_pqal500_biolinkbert,pubmedqa-official-14627582,no,yes,yes,yes,,,,,,,,,,,,,
debate_pqal500_biolinkbert,pubmedqa-official-24666444,no,no,no,no,,,,,,,,,,,,,
debate_pqal500_biolinkbert,pubmedqa-official-18496363,no,no,no,no,,,,,,,,,,,,,
debate_pqal500_biolinkbert,pubmedqa-official-12040336,no,no,no,no,,,,,,,,,,,,,
debate_pqal500_biolinkbert,pubmedqa-official-14631523,no,no,no,no,,,,,,,,,,,,,
debate_pqal500_biolinkbert,pubmedqa-official-21823940,no,no,no,no,,,,,,,,,,,,,
debate_pqal500_biolinkbert,pubmedqa-official-17971187,no,no,no,no,,,,,,,,,,,,,
debate_pqal500_biolinkbert,pubmedqa-official-27642458,no,no,no,no,,,,,,,,,,,,,
debate_pqal500_biolinkbert,pubmedqa-official-12970636,no,no,no,no,,,,,,,,,,,,,
debate_pqal500_biolinkbert,pubmedqa-official-11138995,no,no,no,no,,,,,,,,,,,,,
debate_pqal500_biolinkbert,pubmedqa-official-15388567,no,no,no,no,,,,,,,,,,,,,
debate_pqal500_biolinkbert,pubmedqa-official-19142546,no,no,no,no,,,,,,,,,,,,,
debate_pqal500_biolinkbert,pubmedqa-official-8921484,no,no,no,no,,,,,,,,,,,,,
debate_pqal500_biolinkbert,pubmedqa-official-26209118,no,no,no,no,,,,,,,,,,,,,
debate_pqal500_biolinkbert,pubmedqa-official-22668852,no,no,no,no,,,,,,,,,,,,,
debate_pqal500_biolinkbert,pubmedqa-official-18019905,no,no,no,no,,,,,,,,,,,,,
debate_pqal500_biolinkbert,pubmedqa-official-18378554,no,no,no,no,,,,,,,,,,,,,
debate_pqal500_biolinkbert,pubmedqa-official-24073931,no,no,no,no,,,,,,,,,,,,,
debate_pqal500_biolinkbert,pubmedqa-official-7547656,no,no,no,no,,,,,,,,,,,,,
debate_pqal500_biolinkbert,pubmedqa-official-28359277,no,yes,yes,yes,,,,,,,,,,,,,
debate_pqal500_biolinkbert,pubmedqa-official-18667100,no,no,no,no,,,,,,,,,,,,,
debate_pqal500_biolinkbert,pubmedqa-official-10781708,no,no,no,no,,,,,,,,,,,,,
debate_pqal500_biolinkbert,pubmedqa-official-22522271,no,no,no,no,,,,,,,,,,,,,
debate_pqal500_biolinkbert,pubmedqa-official-11955750,no,no,no,no,,,,,,,,,,,,,
debate_pqal500_biolinkbert,pubmedqa-official-26126304,no,no,no,no,,,,,,,,,,,,,
debate_pqal500_biolinkbert,pubmedqa-official-27338535,no,no,no,no,,,,,,,,,,,,,
debate_pqal500_biolinkbert,pubmedqa-official-24799031,no,no,no,no,,,,,,,,,,,,,
debate_pqal500_biolinkbert,pubmedqa-official-18319270,no,no,no,no,,,,,,,,,,,,,
debate_pqal500_biolinkbert,pubmedqa-official-21789019,no,no,no,no,,,,,,,,,,,,,
debate_pqal500_biolinkbert,pubmedqa-official-11567820,no,no,no,no,,,,,,,,,,,,,
debate_pqal500_biolinkbert,pubmedqa-official-10966943,no,no,no,no,,,,,,,,,,,,,
debate_pqal500_biolinkbert,pubmedqa-official-8199520,no,no,no,no,,,,,,,,,,,,,
debate_pqal500_biolinkbert,pubmedqa-official-21889895,no,no,no,no,,,,,,,,,,,,,
debate_pqal500_biolinkbert,pubmedqa-official-26113007,no,no,no,no,,,,,,,,,,,,,
debate_pqal500_biolinkbert,pubmedqa-official-17208539,no,yes,yes,yes,,,,,,,,,,,,,
debate_pqal500_biolinkbert,pubmedqa-official-20538207,no,yes,yes,yes,,,,,,,,,,,,,
debate_pqal500_biolinkbert,pubmedqa-official-9603166,no,no,no,no,,,,,,,,,,,,,
debate_pqal500_biolinkbert,pubmedqa-official-21194998,no,no,no,no,,,,,,,,,,,,,
debate_pqal500_biolinkbert,pubmedqa-official-21252642,no,no,no,no,,,,,,,,,,,,,
debate_pqal500_biolinkbert,pubmedqa-official-16678696,no,no,no,no,,,,,,,,,,,,,
debate_pqal500_biolinkbert,pubmedqa-official-20549895,no,no,no,no,,,,,,,,,,,,,
debate_pqal500_biolinkbert,pubmedqa-official-16418930,no,yes,yes,yes,,,,,,,,,,,,,
debate_pqal500_biolinkbert,pubmedqa-official-8521557,no,yes,yes,yes,,,,,,,,,,,,,
debate_pqal500_biolinkbert,pubmedqa-official-16809243,no,no,no,no,,,,,,,,,,,,,
debate_pqal500_biolinkbert,pubmedqa-official-10798511,no,no,no,no,,,,,,,,,,,,,
debate_pqal500_biolinkbert,pubmedqa-official-10834864,no,no,no,no,,,,,,,,,,,,,
debate_pqal500_biolinkbert,pubmedqa-official-16962519,no,no,no,no,,,,,,,,,,,,,
debate_pqal500_biolinkbert,pubmedqa-official-19575104,no,yes,yes,yes,,,,,,,,,,,,,
debate_pqal500_biolinkbert,pubmedqa-official-24809662,no,no,no,no,,,,,,,,,,,,,
debate_pqal500_biolinkbert,pubmedqa-official-20602101,no,no,no,no,,,,,,,,,,,,,
debate_pqal500_biolinkbert,pubmedqa-official-26852225,no,yes,yes,yes,,,,,,,,,,,,,
debate_pqal500_biolinkbert,pubmedqa-official-19398929,no,no,no,no,,,,,,,,,,,,,
debate_pqal500_biolinkbert,pubmedqa-official-25614468,no,no,no,no,,,,,,,,,,,,,
debate_pqal500_biolinkbert,pubmedqa-official-11926574,no,no,no,no,,,,,,,,,,,,,
debate_pqal500_biolinkbert,pubmedqa-official-10973547,no,no,no,no,,,,,,,,,,,,,
debate_pqal500_biolinkbert,pubmedqa-official-26471488,no,no,no,no,,,,,,,,,,,,,
debate_pqal500_biolinkbert,pubmedqa-official-19520213,no,no,no,no,,,,,,,,,,,,,
debate_pqal500_biolinkbert,pubmedqa-official-23677366,no,no,no,no,,,,,,,,,,,,,
debate_pqal500_biolinkbert,pubmedqa-official-17342562,no,no,no,no,,,,,,,,,,,,,
debate_pqal500_biolinkbert,pubmedqa-official-16296668,no,no,no,no,,,,,,,,,,,,,
debate_pqal500_biolinkbert,pubmedqa-official-17054994,no,no,no,no,,,,,,,,,,,,,
debate_pqal500_biolinkbert,pubmedqa-official-26556589,no,no,no,no,,,,,,,,,,,,,
debate_pqal500_biolinkbert,pubmedqa-official-15052394,no,no,no,no,,,,,,,,,,,,,
debate_pqal500_biolinkbert,pubmedqa-official-22513023,no,no,no,no,,,,,,,,,,,,,
debate_pqal500_biolinkbert,pubmedqa-official-15919266,no,no,no,no,,,,,,,,,,,,,
debate_pqal500_biolinkbert,pubmedqa-official-15095519,no,no,no,no,,,,,,,,,,,,,
debate_pqal500_biolinkbert,pubmedqa-official-12006913,no,yes,yes,yes,,,,,,,,,,,,,
debate_pqal500_biolinkbert,pubmedqa-official-8738894,no,yes,yes,yes,,,,,,,,,,,,,
debate_pqal500_biolinkbert,pubmedqa-official-21431987,no,no,no,no,,,,,,,,,,,,,
debate_pqal500_biolinkbert,pubmedqa-official-22154448,no,no,no,no,,,,,,,,,,,,,
debate_pqal500_biolinkbert,pubmedqa-official-15053041,no,no,no,no,,,,,,,,,,,,,
debate_pqal500_biolinkbert,pubmedqa-official-22365295,no,no,no,no,,,,,,,,,,,,,
debate_pqal500_biolinkbert,pubmedqa-official-19546588,no,no,no,no,,,,,,,,,,,,,
debate_pqal500_biolinkbert,pubmedqa-official-7482275,no,no,no,no,,,,,,,,,,,,,
debate_pqal500_biolinkbert,pubmedqa-official-24698298,no,no,no,no,,,,,,,,,,,,,
debate_pqal500_biolinkbert,pubmedqa-official-18274917,no,no,no,no,,,,,,,,,,,,,
debate_pqal500_biolinkbert,pubmedqa-official-21946341,no,no,no,no,,,,,,,,,,,,,
debate_pqal500_biolinkbert,pubmedqa-official-23568387,no,no,no,no,,,,,,,,,,,,,
debate_pqal500_biolinkbert,pubmedqa-official-21256734,no,no,no,no,,,,,,,,,,,,,
debate_pqal500_biolinkbert,pubmedqa-official-22534881,no,no,no,no,,,,,,,,,,,,,
debate_pqal500_biolinkbert,pubmedqa-official-8566975,no,no,no,no,,,,,,,,,,,,,
debate_pqal500_biolinkbert,pubmedqa-official-23761381,no,no,no,no,,,,,,,,,,,,,
debate_pqal500_biolinkbert,pubmedqa-official-22668712,no,maybe,maybe,maybe,,,,,,,,,,,,,
debate_pqal500_biolinkbert,pubmedqa-official-22023714,no,no,no,no,,,,,,,,,,,,,
debate_pqal500_biolinkbert,pubmedqa-official-22504515,no,no,no,no,,,,,,,,,,,,,
debate_pqal500_biolinkbert,pubmedqa-official-21164063,no,maybe,maybe,maybe,,,,,,,,,,,,,
debate_pqal500_biolinkbert,pubmedqa-official-18359123,no,no,no,no,,,,,,,,,,,,,
debate_pqal500_biolinkbert,pubmedqa-official-16827975,no,maybe,maybe,maybe,,,,,,,,,,,,,
debate_pqal500_biolinkbert,pubmedqa-official-24922528,no,no,no,no,,,,,,,,,,,,,
debate_pqal500_biolinkbert,pubmedqa-official-15774570,no,no,no,no,,,,,,,,,,,,,
debate_pqal500_biolinkbert,pubmedqa-official-20736887,no,no,no,no,,,,,,,,,,,,,
debate_pqal500_biolinkbert,pubmedqa-official-11483547,no,no,no,no,,,,,,,,,,,,,
debate_pqal500_biolinkbert,pubmedqa-official-9542484,no,no,no,no,,,,,,,,,,,,,
debate_pqal500_biolinkbert,pubmedqa-official-18708308,no,no,no,no,,,,,,,,,,,,,
debate_pqal500_biolinkbert,pubmedqa-official-18435678,no,no,no,no,,,,,,,,,,,,,
debate_pqal500_biolinkbert,pubmedqa-official-23455575,no,no,no,no,,,,,,,,,,,,,
debate_pqal500_biolinkbert,pubmedqa-official-22537902,no,no,no,no,,,,,,,,,,,,,
debate_pqal500_biolinkbert,pubmedqa-official-18926458,no,no,no,no,,,,,,,,,,,,,
debate_pqal500_biolinkbert,pubmedqa-official-12090319,no,no,no,no,,,,,,,,,,,,,
debate_pqal500_biolinkbert,pubmedqa-official-12380309,no,maybe,maybe,maybe,,,,,,,,,,,,,
debate_pqal500_biolinkbert,pubmedqa-official-27989969,no,no,no,no,,,,,,,,,,,,,
debate_pqal500_biolinkbert,pubmedqa-official-25752912,no,no,no,no,,,,,,,,,,,,,
debate_pqal500_biolinkbert,pubmedqa-official-26536001,no,no,no,no,,,,,,,,,,,,,
debate_pqal500_biolinkbert,pubmedqa-official-21849531,no,no,no,no,,,,,,,,,,,,,
debate_pqal500_biolinkbert,pubmedqa-official-16872243,no,yes,yes,yes,,,,,,,,,,,,,
debate_pqal500_biolinkbert,pubmedqa-official-23571528,no,no,no,no,,,,,,,,,,,,,
debate_pqal500_biolinkbert,pubmedqa-official-19481382,no,no,no,no,,,,,,,,,,,,,
debate_pqal500_biolinkbert,pubmedqa-official-23621776,no,no,no,no,,,,,,,,,,,,,
debate_pqal500_biolinkbert,pubmedqa-official-22227642,no,maybe,maybe,maybe,,,,,,,,,,,,,
debate_pqal500_biolinkbert,pubmedqa-official-23025584,no,no,no,no,,,,,,,,,,,,,
debate_pqal500_biolinkbert,pubmedqa-official-11862129,no,no,no,no,,,,,,,,,,,,,
debate_pqal500_biolinkbert,pubmedqa-official-22236315,no,no,no,no,,,,,,,,,,,,,
debate_pqal500_biolinkbert,pubmedqa-official-21361755,no,no,no,no,,,,,,,,,,,,,
debate_pqal500_biolinkbert,pubmedqa-official-18719011,no,no,no,no,,,,,,,,,,,,,
debate_pqal500_biolinkbert,pubmedqa-official-11438275,no,no,no,no,,,,,,,,,,,,,
debate_pqal500_biolinkbert,pubmedqa-official-16778275,no,no,no,no,,,,,,,,,,,,,
debate_pqal500_biolinkbert,pubmedqa-official-17051586,no,no,no,no,,,,,,,,,,,,,
debate_pqal500_biolinkbert,pubmedqa-official-24061619,no,no,no,no,,,,,,,,,,,,,
debate_pqal500_biolinkbert,pubmedqa-official-22233470,no,no,no,no,,,,,,,,,,,,,
debate_pqal500_biolinkbert,pubmedqa-official-23497210,no,no,no,no,,,,,,,,,,,,,
debate_pqal500_biolinkbert,pubmedqa-official-25488308,no,maybe,maybe,maybe,,,,,,,,,,,,,
debate_pqal500_biolinkbert,pubmedqa-official-22382608,no,yes,yes,yes,,,,,,,,,,,,,
debate_pqal500_biolinkbert,pubmedqa-official-19237087,no,no,no,no,,,,,,,,,,,,,
debate_pqal500_biolinkbert,pubmedqa-official-10381996,no,no,no,no,,,,,,,,,,,,,
debate_pqal500_biolinkbert,pubmedqa-official-9100537,no,no,no,no,,,,,,,,,,,,,
debate_pqal500_biolinkbert,pubmedqa-official-23422012,no,no,no,no,,,,,,,,,,,,,
debate_pqal500_biolinkbert,pubmedqa-official-22876568,no,no,no,no,,,,,,,,,,,,,
debate_pqal500_biolinkbert,pubmedqa-official-17445978,no,yes,yes,yes,,,,,,,,,,,,,
debate_pqal500_biolinkbert,pubmedqa-official-20608141,no,no,no,no,,,,,,,,,,,,,
debate_pqal500_biolinkbert,pubmedqa-official-23177368,no,no,no,no,,,,,,,,,,,,,
debate_pqal500_biolinkbert,pubmedqa-official-8847047,no,no,no,no,,,,,,,,,,,,,
debate_pqal500_biolinkbert,pubmedqa-official-22011946,no,no,no,no,,,,,,,,,,,,,
debate_pqal500_biolinkbert,pubmedqa-official-27394685,no,no,no,no,,,,,,,,,,,,,
debate_pqal500_biolinkbert,pubmedqa-official-23794696,no,no,no,no,,,,,,,,,,,,,
debate_pqal500_biolinkbert,pubmedqa-official-23076787,no,no,no,no,,,,,,,,,,,,,
debate_pqal500_biolinkbert,pubmedqa-official-19854401,no,no,no,no,,,,,,,,,,,,,
debate_pqal500_biolinkbert,pubmedqa-official-14652839,no,no,no,no,,,,,,,,,,,,,
debate_pqal500_biolinkbert,pubmedqa-official-7664228,no,no,no,no,,,,,,,,,,,,,
debate_pqal500_biolinkbert,pubmedqa-official-17062234,no,no,no,no,,,,,,,,,,,,,
debate_pqal500_biolinkbert,pubmedqa-official-24449622,no,no,no,no,,,,,,,,,,,,,
debate_pqal500_biolinkbert,pubmedqa-official-12070552,no,no,no,no,,,,,,,,,,,,,
debate_pqal500_biolinkbert,pubmedqa-official-19836806,no,no,no,no,,,,,,,,,,,,,
debate_pqal500_biolinkbert,pubmedqa-official-19913785,no,no,no,no,,,,,,,,,,,,,
debate_pqal500_biolinkbert,pubmedqa-official-24739448,no,no,no,no,,,,,,,,,,,,,
debate_pqal500_biolinkbert,pubmedqa-official-24625433,no,no,no,no,,,,,,,,,,,,,
debate_pqal500_biolinkbert,pubmedqa-official-16403186,no,no,no,no,,,,,,,,,,,,,
debate_pqal500_biolinkbert,pubmedqa-official-10375486,no,no,no,no,,,,,,,,,,,,,
debate_pqal500_biolinkbert,pubmedqa-official-17032327,no,no,no,no,,,,,,,,,,,,,
debate_pqal500_biolinkbert,pubmedqa-official-27643961,no,yes,yes,yes,,,,,,,,,,,,,
debate_pqal500_biolinkbert,pubmedqa-official-22042121,no,no,no,no,,,,,,,,,,,,,
debate_pqal500_biolinkbert,pubmedqa-official-17274051,no,no,no,no,,,,,,,,,,,,,
debate_pqal500_biolinkbert,pubmedqa-official-27096199,no,no,no,no,,,,,,,,,,,,,
debate_pqal500_biolinkbert,pubmedqa-official-7497757,no,yes,yes,yes,,,,,,,,,,,,,
debate_pqal500_biolinkbert,pubmedqa-official-21459725,no,no,no,no,,,,,,,,,,,,,
debate_pqal500_biolinkbert,pubmedqa-official-27040842,no,no,no,no,,,,,,,,,,,,,
debate_pqal500_biolinkbert,pubmedqa-official-20187289,no,no,no,no,,,,,,,,,,,,,
debate_pqal500_biolinkbert,pubmedqa-official-21712147,no,yes,yes,yes,,,,,,,,,,,,,
debate_pqal500_biolinkbert,pubmedqa-official-10456814,no,no,no,no,,,,,,,,,,,,,
debate_pqal500_biolinkbert,pubmedqa-official-17192736,no,no,no,no,,,,,,,,,,,,,
debate_pqal500_biolinkbert,pubmedqa-official-27757987,no,no,no,no,,,,,,,,,,,,,
debate_pqal500_biolinkbert,pubmedqa-official-12769830,no,no,no,no,,,,,,,,,,,,,
debate_pqal500_biolinkbert,pubmedqa-official-22251324,no,no,no,no,,,,,,,,,,,,,
debate_pqal500_biolinkbert,pubmedqa-official-28196511,no,no,no,no,,,,,,,,,,,,,
debate_pqal500_biolinkbert,pubmedqa-official-18284441,maybe,yes,yes,yes,,,,,,,,,,,,,
debate_pqal500_biolinkbert,pubmedqa-official-18802997,maybe,yes,yes,yes,,,,,,,,,,,,,
debate_pqal500_biolinkbert,pubmedqa-official-17621202,maybe,no,no,no,,,,,,,,,,,,,
debate_pqal500_biolinkbert,pubmedqa-official-11411430,maybe,yes,yes,yes,,,,,,,,,,,,,
debate_pqal500_biolinkbert,pubmedqa-official-26708803,maybe,yes,yes,yes,,,,,,,,,,,,,
debate_pqal500_biolinkbert,pubmedqa-official-25079920,maybe,no,no,no,,,,,,,,,,,,,
debate_pqal500_biolinkbert,pubmedqa-official-25793749,maybe,yes,yes,yes,,,,,,,,,,,,,
debate_pqal500_biolinkbert,pubmedqa-official-19103915,maybe,yes,yes,yes,,,,,,,,,,,,,
debate_pqal500_biolinkbert,pubmedqa-official-11867487,maybe,maybe,maybe,maybe,,,,,,,,,,,,,
debate_pqal500_biolinkbert,pubmedqa-official-12630042,maybe,yes,yes,yes,,,,,,,,,,,,,
debate_pqal500_biolinkbert,pubmedqa-official-19468282,maybe,no,no,no,,,,,,,,,,,,,
debate_pqal500_biolinkbert,pubmedqa-official-16538201,maybe,yes,yes,yes,,,,,,,,,,,,,
debate_pqal500_biolinkbert,pubmedqa-official-20971618,maybe,no,no,no,,,,,,,,,,,,,
debate_pqal500_biolinkbert,pubmedqa-official-24336869,maybe,maybe,maybe,maybe,,,,,,,,,,,,,
debate_pqal500_biolinkbert,pubmedqa-official-20197761,maybe,no,no,no,,,,,,,,,,,,,
debate_pqal500_biolinkbert,pubmedqa-official-16968876,maybe,yes,yes,yes,,,,,,,,,,,,,
debate_pqal500_biolinkbert,pubmedqa-official-26778755,maybe,no,no,no,,,,,,,,,,,,,
debate_pqal500_biolinkbert,pubmedqa-official-18568290,maybe,no,no,no,,,,,,,,,,,,,
debate_pqal500_biolinkbert,pubmedqa-official-25371231,maybe,no,no,no,,,,,,,,,,,,,
debate_pqal500_biolinkbert,pubmedqa-official-25394614,maybe,no,no,no,,,,,,,,,,,,,
debate_pqal500_biolinkbert,pubmedqa-official-11570976,maybe,no,no,no,,,,,,,,,,,,,
debate_pqal500_biolinkbert,pubmedqa-official-16816043,maybe,maybe,maybe,maybe,,,,,,,,,,,,,
debate_pqal500_biolinkbert,pubmedqa-official-12805495,maybe,maybe,maybe,maybe,,,,,,,,,,,,,
debate_pqal500_biolinkbert,pubmedqa-official-25571931,maybe,no,no,no,,,,,,,,,,,,,
debate_pqal500_biolinkbert,pubmedqa-official-19578820,maybe,no,no,no,,,,,,,,,,,,,
debate_pqal500_biolinkbert,pubmedqa-official-18243752,maybe,no,no,no,,,,,,,,,,,,,
debate_pqal500_biolinkbert,pubmedqa-official-11458136,maybe,no,no,no,,,,,,,,,,,,,
debate_pqal500_biolinkbert,pubmedqa-official-12790890,maybe,no,no,no,,,,,,,,,,,,,
debate_pqal500_biolinkbert,pubmedqa-official-18714572,maybe,no,no,no,,,,,,,,,,,,,
debate_pqal500_biolinkbert,pubmedqa-official-25103647,maybe,yes,yes,yes,,,,,,,,,,,,,
debate_pqal500_biolinkbert,pubmedqa-official-24995509,maybe,yes,yes,yes,,,,,,,,,,,,,
debate_pqal500_biolinkbert,pubmedqa-official-27044366,maybe,no,no,no,,,,,,,,,,,,,
debate_pqal500_biolinkbert,pubmedqa-official-26606599,maybe,yes,yes,yes,,,,,,,,,,,,,
debate_pqal500_biolinkbert,pubmedqa-official-17076091,maybe,no,no,no,,,,,,,,,,,,,
debate_pqal500_biolinkbert,pubmedqa-official-26037986,maybe,yes,yes,yes,,,,,,,,,,,,,
debate_pqal500_biolinkbert,pubmedqa-official-22491528,maybe,no,no,no,,,,,,,,,,,,,
debate_pqal500_biolinkbert,pubmedqa-official-24591144,maybe,yes,yes,yes,,,,,,,,,,,,,
debate_pqal500_biolinkbert,pubmedqa-official-19351635,maybe,no,no,no,,,,,,,,,,,,,
debate_pqal500_biolinkbert,pubmedqa-official-20337202,maybe,yes,yes,yes,,,,,,,,,,,,,
debate_pqal500_biolinkbert,pubmedqa-official-23149821,maybe,yes,yes,yes,,,,,,,,,,,,,
debate_pqal500_biolinkbert,pubmedqa-official-18235194,maybe,no,no,no,,,,,,,,,,,,,
debate_pqal500_biolinkbert,pubmedqa-official-16392897,maybe,yes,yes,yes,,,,,,,,,,,,,
debate_pqal500_biolinkbert,pubmedqa-official-17940352,maybe,yes,yes,yes,,,,,,,,,,,,,
debate_pqal500_biolinkbert,pubmedqa-official-27615402,maybe,no,no,no,,,,,,,,,,,,,
debate_pqal500_biolinkbert,pubmedqa-official-25779009,maybe,yes,yes,yes,,,,,,,,,,,,,
debate_pqal500_biolinkbert,pubmedqa-official-12407608,maybe,yes,yes,yes,,,,,,,,,,,,,
debate_pqal500_biolinkbert,pubmedqa-official-14599616,maybe,no,no,no,,,,,,,,,,,,,
debate_pqal500_biolinkbert,pubmedqa-official-10223070,maybe,yes,yes,yes,,,,,,,,,,,,,
debate_pqal500_biolinkbert,pubmedqa-official-20736672,maybe,yes,yes,yes,,,,,,,,,,,,,
debate_pqal500_biolinkbert,pubmedqa-official-25277731,maybe,yes,yes,yes,,,,,,,,,,,,,
debate_pqal500_biolinkbert,pubmedqa-official-17691856,maybe,no,no,no,,,,,,,,,,,,,
debate_pqal500_biolinkbert,pubmedqa-official-16735905,maybe,yes,yes,yes,,,,,,,,,,,,,
debate_pqal500_biolinkbert,pubmedqa-official-19694846,maybe,no,no,no,,,,,,,,,,,,,
debate_pqal500_biolinkbert,pubmedqa-official-25007420,maybe,yes,yes,yes,,,,,,,,,,,,,
debate_pqal500_biolinkbert,pubmedqa-official-26134053,maybe,yes,yes,yes,,,,,,,,,,,,,
audit_gpt5_balanced90,pubmedqa-official-12377809,yes,,,,,0.0,,,,,,,,,4,0,0
audit_gpt5_balanced90,pubmedqa-official-24577079,no,,,,,0.35,,,,,,,,,1,1,0
audit_gpt5_balanced90,pubmedqa-official-18284441,maybe,,,,,0.1625,,,,,,,,,3,0,1
audit_gpt5_balanced90,pubmedqa-official-26163474,yes,,,,,0.0,,,,,,,,,3,0,0
audit_gpt5_balanced90,pubmedqa-official-24669960,no,,,,,0.0,,,,,,,,,0,3,0
audit_gpt5_balanced90,pubmedqa-official-18802997,maybe,,,,,0.23333333333333334,,,,,,,,,2,1,0
audit_gpt5_balanced90,pubmedqa-official-19100463,yes,,,,,0.1625,,,,,,,,,3,0,1
audit_gpt5_balanced90,pubmedqa-official-15502995,no,,,,,0.35,,,,,,,,,1,1,0
audit_gpt5_balanced90,pubmedqa-official-17621202,maybe,,,,,0.0,,,,,,,,,3,0,0
audit_gpt5_balanced90,pubmedqa-official-18537964,yes,,,,,0.0,,,,,,,,,2,0,0
audit_gpt5_balanced90,pubmedqa-official-21214884,no,,,,,0.23333333333333334,,,,,,,,,2,1,0
audit_gpt5_balanced90,pubmedqa-official-11411430,maybe,,,,,0.21666666666666667,,,,,,,,,2,0,1
audit_gpt5_balanced90,pubmedqa-official-12913878,yes,,,,,0.21666666666666667,,,,,,,,,2,0,1
audit_gpt5_balanced90,pubmedqa-official-24476003,no,,,,,0.23333333333333334,,,,,,,,,2,1,0
audit_gpt5_balanced90,pubmedqa-official-26708803,maybe,,,,,0.0,,,,,,,,,4,0,0
audit_gpt5_balanced90,pubmedqa-official-12765819,yes,,,,,0.21666666666666667,,,,,,,,,2,0,1
audit_gpt5_balanced90,pubmedqa-official-22758782,no,,,,,0.21666666666666667,,,,,,,,,0,2,1
audit_gpt5_balanced90,pubmedqa-official-25079920,maybe,,,,,0.23333333333333334,,,,,,,,,2,1,0
audit_gpt5_balanced90,pubmedqa-official-25475395,yes,,,,,0.0,,,,,,,,,4,0,0
audit_gpt5_balanced90,pubmedqa-official-14627582,no,,,,,0.175,,,,,,,,,3,1,0
audit_gpt5_balanced90,pubmedqa-official-25793749,maybe,,,,,0.35,,,,,,,,,1,1,0
audit_gpt5_balanced90,pubmedqa-official-19130332,yes,,,,,0.21666666666666667,,,,,,,,,2,0,1
audit_gpt5_balanced90,pubmedqa-official-24666444,no,,,,,0.0,,,,,,,,,3,0,0
audit_gpt5_balanced90,pubmedqa-official-19103915,maybe,,,,,0.0,,,,,,,,,3,0,0
audit_gpt5_balanced90,pubmedqa-official-9427037,yes,,,,,0.0,,,,,,,,,3,0,0
audit_gpt5_balanced90,pubmedqa-official-18496363,no,,,,,0.23333333333333334,,,,,,,,,2,1,0
audit_gpt5_balanced90,pubmedqa-official-11867487,maybe,,,,,0.43333333333333335,,,,,,,,,0,1,2
audit_gpt5_balanced90,pubmedqa-official-24481006,yes,,,,,0.21666666666666667,,,,,,,,,2,0,1
audit_gpt5_balanced90,pubmedqa-official-12040336,no,,,,,0.35,,,,,,,,,2,2,0
audit_gpt5_balanced90,pubmedqa-official-12630042,maybe,,,,,0.325,,,,,,,,,1,0,1
audit_gpt5_balanced90,pubmedqa-official-8165771,yes,,,,,0.35,,,,,,,,,2,2,0
audit_gpt5_balanced90,pubmedqa-official-14631523,no,,,,,0.1625,,,,,,,,,0,3,1
audit_gpt5_balanced90,pubmedqa-official-19468282,maybe,,,,,0.0,,,,,,,,,3,0,0
audit_gpt5_balanced90,pubmedqa-official-22680064,yes,,,,,0.0,,,,,,,,,2,0,0
audit_gpt5_balanced90,pubmedqa-official-21823940,no,,,,,0.0,,,,,,,,,4,0,0
audit_gpt5_balanced90,pubmedqa-official-16538201,maybe,,,,,0.175,,,,,,,,,3,1,0
audit_gpt5_balanced90,pubmedqa-official-22540518,yes,,,,,0.1625,,,,,,,,,3,0,1
audit_gpt5_balanced90,pubmedqa-official-17971187,no,,,,,0.0,,,,,,,,,0,3,0
audit_gpt5_balanced90,pubmedqa-official-20971618,maybe,,,,,0.23333333333333334,,,,,,,,,1,2,0
audit_gpt5_balanced90,pubmedqa-official-20629769,yes,,,,,0.0,,,,,,,,,4,0,0
audit_gpt5_balanced90,pubmedqa-official-27642458,no,,,,,0.1625,,,,,,,,,3,0,1
audit_gpt5_balanced90,pubmedqa-official-24336869,maybe,,,,,0.325,,,,,,,,,2,0,2
audit_gpt5_balanced90,pubmedqa-official-21726930,yes,,,,,0.0,,,,,,,,,2,0,0
audit_gpt5_balanced90,pubmedqa-official-12970636,no,,,,,0.1625,,,,,,,,,3,0,1
audit_gpt5_balanced90,pubmedqa-official-20197761,maybe,,,,,0.0,,,,,,,,,3,0,0
audit_gpt5_balanced90,pubmedqa-official-21481154,yes,,,,,0.1625,,,,,,,,,3,0,1
audit_gpt5_balanced90,pubmedqa-official-11138995,no,,,,,0.5666666666666667,,,,,,,,,1,1,1
audit_gpt5_balanced90,pubmedqa-official-16968876,maybe,,,,,0.0,,,,,,,,,3,0,0
audit_gpt5_balanced90,pubmedqa-official-22902073,yes,,,,,0.1625,,,,,,,,,3,0,1
audit_gpt5_balanced90,pubmedqa-official-15388567,no,,,,,0.23333333333333334,,,,,,,,,1,2,0
audit_gpt5_balanced90,pubmedqa-official-26778755,maybe,,,,,0.175,,,,,,,,,3,1,0
audit_gpt5_balanced90,pubmedqa-official-26370095,yes,,,,,0.0,,,,,,,,,4,0,0
audit_gpt5_balanced90,pubmedqa-official-19142546,no,,,,,0.0,,,,,,,,,3,0,0
audit_gpt5_balanced90,pubmedqa-official-18568290,maybe,,,,,0.0,,,,,,,,,3,0,0
audit_gpt5_balanced90,pubmedqa-official-18041059,yes,,,,,0.325,,,,,,,,,2,0,2
audit_gpt5_balanced90,pubmedqa-official-8921484,no,,,,,0.23333333333333334,,,,,,,,,2,1,0
audit_gpt5_balanced90,pubmedqa-official-25371231,maybe,,,,,0.21666666666666667,,,,,,,,,2,0,1
audit_gpt5_balanced90,pubmedqa-official-15041506,yes,,,,,0.21666666666666667,,,,,,,,,2,0,1
audit_gpt5_balanced90,pubmedqa-official-26209118,no,,,,,0.23333333333333334,,,,,,,,,1,2,0
audit_gpt5_balanced90,pubmedqa-official-25394614,maybe,,,,,0.43333333333333335,,,,,,,,,0,1,2
audit_gpt5_balanced90,pubmedqa-official-11146778,yes,,,,,0.175,,,,,,,,,1,3,0
audit_gpt5_balanced90,pubmedqa-official-22668852,no,,,,,0.23333333333333334,,,,,,,,,1,2,0
audit_gpt5_balanced90,pubmedqa-official-11570976,maybe,,,,,0.21666666666666667,,,,,,,,,2,0,1
audit_gpt5_balanced90,pubmedqa-official-27281318,yes,,,,,0.21666666666666667,,,,,,,,,2,0,1
audit_gpt5_balanced90,pubmedqa-official-18019905,no,,,,,0.1625,,,,,,,,,3,0,1
audit_gpt5_balanced90,pubmedqa-official-16816043,maybe,,,,,0.23333333333333334,,,,,,,,,2,1,0
audit_gpt5_balanced90,pubmedqa-official-21645374,yes,,,,,0.0,,,,,,,,,3,0,0
audit_gpt5_balanced90,pubmedqa-official-18378554,no,,,,,0.23333333333333334,,,,,,,,,1,2,0
audit_gpt5_balanced90,pubmedqa-official-12805495,maybe,,,,,0.21666666666666667,,,,,,,,,2,0,1
audit_gpt5_balanced90,pubmedqa-official-9465206,yes,,,,,0.43333333333333335,,,,,,,,,1,0,2
audit_gpt5_balanced90,pubmedqa-official-24073931,no,,,,,0.0,,,,,,,,,3,0,0
audit_gpt5_balanced90,pubmedqa-official-25571931,maybe,,,,,0.0,,,,,,,,,3,0,0
audit_gpt5_balanced90,pubmedqa-official-25887165,yes,,,,,0.0,,,,,,,,,3,0,0
audit_gpt5_balanced90,pubmedqa-official-7547656,no,,,,,0.175,,,,,,,,,3,1,0
audit_gpt5_balanced90,pubmedqa-official-19578820,maybe,,,,,0.0,,,,,,,,,0,2,0
audit_gpt5_balanced90,pubmedqa-official-15995461,yes,,,,,0.0,,,,,,,,,2,0,0
audit_gpt5_balanced90,pubmedqa-official-28359277,no,,,,,0.43333333333333335,,,,,,,,,1,0,2
audit_gpt5_balanced90,pubmedqa-official-18243752,maybe,,,,,0.1625,,,,,,,,,3,0,1
audit_gpt5_balanced90,pubmedqa-official-21850494,yes,,,,,0.0,,,,,,,,,4,0,0
audit_gpt5_balanced90,pubmedqa-official-18667100,no,,,,,0.23333333333333334,,,,,,,,,2,1,0
audit_gpt5_balanced90,pubmedqa-official-11458136,maybe,,,,,0.43333333333333335,,,,,,,,,0,1,2
audit_gpt5_balanced90,pubmedqa-official-19106867,yes,,,,,0.1625,,,,,,,,,3,0,1
audit_gpt5_balanced90,pubmedqa-official-10781708,no,,,,,0.1625,,,,,,,,,3,0,1
audit_gpt5_balanced90,pubmedqa-official-12790890,maybe,,,,,0.35,,,,,,,,,2,2,0
audit_gpt5_balanced90,pubmedqa-official-21342862,yes,,,,,0.21666666666666667,,,,,,,,,2,0,1
audit_gpt5_balanced90,pubmedqa-official-22522271,no,,,,,0.21666666666666667,,,,,,,,,0,2,1
audit_gpt5_balanced90,pubmedqa-official-18714572,maybe,,,,,0.23333333333333334,,,,,,,,,2,1,0
audit_gpt5_balanced90,pubmedqa-official-24352924,yes,,,,,0.675,,,,,,,,,1,1,2
audit_gpt5_balanced90,pubmedqa-official-11955750,no,,,,,1.0,,,,,,,,,0,0,3
audit_gpt5_balanced90,pubmedqa-official-25103647,maybe,,,,,0.39583333333333337,,,,,,,,,2,1,1
audit_gpt5_oracle_balanced90,pubmedqa-official-12377809,yes,,,,,0.0,,,,,,,,,3,0,0
audit_gpt5_oracle_balanced90,pubmedqa-official-24577079,no,,,,,0.48750000000000004,,,,,,,,,1,0,3
audit_gpt5_oracle_balanced90,pubmedqa-official-18284441,maybe,,,,,0.325,,,,,,,,,2,0,2
audit_gpt5_oracle_balanced90,pubmedqa-official-26163474,yes,,,,,0.43333333333333335,,,,,,,,,1,0,2
audit_gpt5_oracle_balanced90,pubmedqa-official-24669960,no,,,,,0.1625,,,,,,,,,0,3,1
audit_gpt5_oracle_balanced90,pubmedqa-official-18802997,maybe,,,,,0.43333333333333335,,,,,,,,,1,0,2
audit_gpt5_oracle_balanced90,pubmedqa-official-19100463,yes,,,,,0.13,,,,,,,,,4,0,1
audit_gpt5_oracle_balanced90,pubmedqa-official-15502995,no,,,,,0.675,,,,,,,,,1,1,2
audit_gpt5_oracle_balanced90,pubmedqa-official-17621202,maybe,,,,,0.21666666666666667,,,,,,,,,2,0,1
audit_gpt5_oracle_balanced90,pubmedqa-official-18537964,yes,,,,,0.48750000000000004,,,,,,,,,1,0,3
audit_gpt5_oracle_balanced90,pubmedqa-official-21214884,no,,,,,0.23333333333333334,,,,,,,,,2,1,0
audit_gpt5_oracle_balanced90,pubmedqa-official-11411430,maybe,,,,,0.0,,,,,,,,,3,0,0
audit_gpt5_oracle_balanced90,pubmedqa-official-12913878,yes,,,,,0.48750000000000004,,,,,,,,,1,0,3
audit_gpt5_oracle_balanced90,pubmedqa-official-24476003,no,,,,,0.21666666666666667,,,,,,,,,2,0,1
audit_gpt5_oracle_balanced90,pubmedqa-official-26708803,maybe,,,,,0.0,,,,,,,,,4,0,0
audit_gpt5_oracle_balanced90,pubmedqa-official-12765819,yes,,,,,0.43333333333333335,,,,,,,,,1,0,2
audit_gpt5_oracle_balanced90,pubmedqa-official-22758782,no,,,,,0.0,,,,,,,,,0,3,0
audit_gpt5_oracle_balanced90,pubmedqa-official-25079920,maybe,,,,,0.5666666666666667,,,,,,,,,1,1,1
audit_gpt5_oracle_balanced90,pubmedqa-official-25475395,yes,,,,,0.23333333333333334,,,,,,,,,2,1,0
audit_gpt5_oracle_balanced90,pubmedqa-official-14627582,no,,,,,0.23333333333333334,,,,,,,,,2,1,0
audit_gpt5_oracle_balanced90,pubmedqa-official-25793749,maybe,,,,,0.325,,,,,,,,,1,0,1
audit_gpt5_oracle_balanced90,pubmedqa-official-19130332,yes,,,,,1.0,,,,,,,,,0,0,2
audit_gpt5_oracle_balanced90,pubmedqa-official-24666444,no,,,,,0.23333333333333334,,,,,,,,,2,1,0
audit_gpt5_oracle_balanced90,pubmedqa-official-19103915,maybe,,,,,0.43333333333333335,,,,,,,,,1,0,2
audit_gpt5_oracle_balanced90,pubmedqa-official-9427037,yes,,,,,0.0,,,,,,,,,2,0,0
audit_gpt5_oracle_balanced90,pubmedqa-official-18496363,no,,,,,0.39583333333333337,,,,,,,,,2,1,1
audit_gpt5_oracle_balanced90,pubmedqa-official-11867487,maybe,,,,,0.325,,,,,,,,,2,0,2
audit_gpt5_oracle_balanced90,pubmedqa-official-24481006,yes,,,,,0.0,,,,,,,,,3,0,0
audit_gpt5_oracle_balanced90,pubmedqa-official-12040336,no,,,,,0.39583333333333337,,,,,,,,,1,2,1
audit_gpt5_oracle_balanced90,pubmedqa-official-12630042,maybe,,,,,1.0,,,,,,,,,0,0,3
audit_gpt5_oracle_balanced90,pubmedqa-official-8165771,yes,,,,,0.35,,,,,,,,,1,1,0
audit_gpt5_oracle_balanced90,pubmedqa-official-14631523,no,,,,,0.175,,,,,,,,,3,1,0
audit_gpt5_oracle_balanced90,pubmedqa-official-19468282,maybe,,,,,0.1625,,,,,,,,,3,0,1
audit_gpt5_oracle_balanced90,pubmedqa-official-22680064,yes,,,,,0.0,,,,,,,,,3,0,0
audit_gpt5_oracle_balanced90,pubmedqa-official-21823940,no,,,,,0.39583333333333337,,,,,,,,,1,2,1
audit_gpt5_oracle_balanced90,pubmedqa-official-16538201,maybe,,,,,0.21666666666666667,,,,,,,,,2,0,1
audit_gpt5_oracle_balanced90,pubmedqa-official-22540518,yes,,,,,0.0,,,,,,,,,3,0,0
audit_gpt5_oracle_balanced90,pubmedqa-official-17971187,no,,,,,0.23333333333333334,,,,,,,,,2,1,0
audit_gpt5_oracle_balanced90,pubmedqa-official-20971618,maybe,,,,,0.43333333333333335,,,,,,,,,1,0,2
audit_gpt5_oracle_balanced90,pubmedqa-official-20629769,yes,,,,,0.325,,,,,,,,,2,0,2
audit_gpt5_oracle_balanced90,pubmedqa-official-27642458,no,,,,,0.43333333333333335,,,,,,,,,0,1,2
audit_gpt5_oracle_balanced90,pubmedqa-official-24336869,maybe,,,,,0.21666666666666667,,,,,,,,,2,0,1
audit_gpt5_oracle_balanced90,pubmedqa-official-21726930,yes,,,,,0.0,,,,,,,,,2,0,0
audit_gpt5_oracle_balanced90,pubmedqa-official-12970636,no,,,,,0.35,,,,,,,,,1,1,0
audit_gpt5_oracle_balanced90,pubmedqa-official-20197761,maybe,,,,,0.21666666666666667,,,,,,,,,2,0,1
audit_gpt5_oracle_balanced90,pubmedqa-official-21481154,yes,,,,,0.1625,,,,,,,,,3,0,1
audit_gpt5_oracle_balanced90,pubmedqa-official-11138995,no,,,,,0.5666666666666667,,,,,,,,,1,1,1
audit_gpt5_oracle_balanced90,pubmedqa-official-16968876,maybe,,,,,0.325,,,,,,,,,2,0,2
audit_gpt5_oracle_balanced90,pubmedqa-official-22902073,yes,,,,,0.43333333333333335,,,,,,,,,1,0,2
audit_gpt5_oracle_balanced90,pubmedqa-official-15388567,no,,,,,0.21666666666666667,,,,,,,,,0,2,1
audit_gpt5_oracle_balanced90,pubmedqa-official-26778755,maybe,,,,,0.21666666666666667,,,,,,,,,2,0,1
audit_gpt5_oracle_balanced90,pubmedqa-official-26370095,yes,,,,,0.0,,,,,,,,,4,0,0
audit_gpt5_oracle_balanced90,pubmedqa-official-19142546,no,,,,,0.39583333333333337,,,,,,,,,2,1,1
audit_gpt5_oracle_balanced90,pubmedqa-official-18568290,maybe,,,,,0.21666666666666667,,,,,,,,,2,0,1
audit_gpt5_oracle_balanced90,pubmedqa-official-18041059,yes,,,,,0.1625,,,,,,,,,3,0,1
audit_gpt5_oracle_balanced90,pubmedqa-official-8921484,no,,,,,0.35,,,,,,,,,1,1,0
audit_gpt5_oracle_balanced90,pubmedqa-official-25371231,maybe,,,,,1.0,,,,,,,,,0,0,2
audit_gpt5_oracle_balanced90,pubmedqa-official-15041506,yes,,,,,1.0,,,,,,,,,0,0,4
audit_gpt5_oracle_balanced90,pubmedqa-official-26209118,no,,,,,0.675,,,,,,,,,1,1,2
audit_gpt5_oracle_balanced90,pubmedqa-official-25394614,maybe,,,,,0.43333333333333335,,,,,,,,,0,1,2
audit_gpt5_oracle_balanced90,pubmedqa-official-11146778,yes,,,,,0.39583333333333337,,,,,,,,,2,1,1
audit_gpt5_oracle_balanced90,pubmedqa-official-22668852,no,,,,,0.23333333333333334,,,,,,,,,1,2,0
audit_gpt5_oracle_balanced90,pubmedqa-official-11570976,maybe,,,,,0.0,,,,,,,,,0,3,0
audit_gpt5_oracle_balanced90,pubmedqa-official-27281318,yes,,,,,0.325,,,,,,,,,2,0,2
audit_gpt5_oracle_balanced90,pubmedqa-official-18019905,no,,,,,0.35,,,,,,,,,2,2,0
audit_gpt5_oracle_balanced90,pubmedqa-official-16816043,maybe,,,,,0.43333333333333335,,,,,,,,,1,0,2
audit_gpt5_oracle_balanced90,pubmedqa-official-21645374,yes,,,,,0.325,,,,,,,,,1,0,1
audit_gpt5_oracle_balanced90,pubmedqa-official-18378554,no,,,,,0.23333333333333334,,,,,,,,,2,1,0
audit_gpt5_oracle_balanced90,pubmedqa-official-12805495,maybe,,,,,0.5666666666666667,,,,,,,,,1,1,1
audit_gpt5_oracle_balanced90,pubmedqa-official-9465206,yes,,,,,0.1625,,,,,,,,,3,0,1
audit_gpt5_oracle_balanced90,pubmedqa-official-24073931,no,,,,,0.5666666666666667,,,,,,,,,1,1,1
audit_gpt5_oracle_balanced90,pubmedqa-official-25571931,maybe,,,,,1.0,,,,,,,,,0,0,4
audit_gpt5_oracle_balanced90,pubmedqa-official-25887165,yes,,,,,0.0,,,,,,,,,3,0,0
audit_gpt5_oracle_balanced90,pubmedqa-official-7547656,no,,,,,0.175,,,,,,,,,3,1,0
audit_gpt5_oracle_balanced90,pubmedqa-official-19578820,maybe,,,,,0.0,,,,,,,,,3,0,0
audit_gpt5_oracle_balanced90,pubmedqa-official-15995461,yes,,,,,0.48750000000000004,,,,,,,,,1,0,3
audit_gpt5_oracle_balanced90,pubmedqa-official-28359277,no,,,,,0.175,,,,,,,,,3,1,0
audit_gpt5_oracle_balanced90,pubmedqa-official-18243752,maybe,,,,,0.5666666666666667,,,,,,,,,1,1,1
audit_gpt5_oracle_balanced90,pubmedqa-official-21850494,yes,,,,,0.0,,,,,,,,,4,0,0
audit_gpt5_oracle_balanced90,pubmedqa-official-18667100,no,,,,,0.0,,,,,,,,,0,2,0
audit_gpt5_oracle_balanced90,pubmedqa-official-11458136,maybe,,,,,0.0,,,,,,,,,0,0,0
audit_gpt5_oracle_balanced90,pubmedqa-official-19106867,yes,,,,,0.39583333333333337,,,,,,,,,2,1,1
audit_gpt5_oracle_balanced90,pubmedqa-official-10781708,no,,,,,0.0,,,,,,,,,3,0,0
audit_gpt5_oracle_balanced90,pubmedqa-official-12790890,maybe,,,,,0.39583333333333337,,,,,,,,,2,1,1
audit_gpt5_oracle_balanced90,pubmedqa-official-21342862,yes,,,,,0.1625,,,,,,,,,3,0,1
audit_gpt5_oracle_balanced90,pubmedqa-official-22522271,no,,,,,0.21666666666666667,,,,,,,,,2,0,1
audit_gpt5_oracle_balanced90,pubmedqa-official-18714572,maybe,,,,,1.0,,,,,,,,,0,0,3
audit_gpt5_oracle_balanced90,pubmedqa-official-24352924,yes,,,,,0.325,,,,,,,,,2,0,2
audit_gpt5_oracle_balanced90,pubmedqa-official-11955750,no,,,,,0.0,,,,,,,,,0,0,0
audit_gpt5_oracle_balanced90,pubmedqa-official-25103647,maybe,,,,,0.5666666666666667,,,,,,,,,1,1,1
audit_qwen14b_balanced90,pubmedqa-official-12377809,yes,,,,,0.21666666666666667,,,,,,,,,2,0,1
audit_qwen14b_balanced90,pubmedqa-official-24577079,no,,,,,0.23333333333333334,,,,,,,,,1,2,0
audit_qwen14b_balanced90,pubmedqa-official-18284441,maybe,,,,,0.21666666666666667,,,,,,,,,2,0,1
audit_qwen14b_balanced90,pubmedqa-official-26163474,yes,,,,,0.0,,,,,,,,,3,0,0
audit_qwen14b_balanced90,pubmedqa-official-24669960,no,,,,,0.325,,,,,,,,,0,1,1
audit_qwen14b_balanced90,pubmedqa-official-18802997,maybe,,,,,0.23333333333333334,,,,,,,,,2,1,0
audit_qwen14b_balanced90,pubmedqa-official-19100463,yes,,,,,0.43333333333333335,,,,,,,,,1,0,2
audit_qwen14b_balanced90,pubmedqa-official-15502995,no,,,,,0.35,,,,,,,,,1,1,0
audit_qwen14b_balanced90,pubmedqa-official-17621202,maybe,,,,,0.0,,,,,,,,,2,0,0
audit_qwen14b_balanced90,pubmedqa-official-18537964,yes,,,,,0.0,,,,,,,,,3,0,0
audit_qwen14b_balanced90,pubmedqa-official-21214884,no,,,,,0.35,,,,,,,,,1,1,0
audit_qwen14b_balanced90,pubmedqa-official-11411430,maybe,,,,,0.5666666666666667,,,,,,,,,1,1,1
audit_qwen14b_balanced90,pubmedqa-official-12913878,yes,,,,,0.21666666666666667,,,,,,,,,2,0,1
audit_qwen14b_balanced90,pubmedqa-official-24476003,no,,,,,0.325,,,,,,,,,1,0,1
audit_qwen14b_balanced90,pubmedqa-official-26708803,maybe,,,,,0.325,,,,,,,,,1,0,1
audit_qwen14b_balanced90,pubmedqa-official-12765819,yes,,,,,0.325,,,,,,,,,1,0,1
audit_qwen14b_balanced90,pubmedqa-official-22758782,no,,,,,0.43333333333333335,,,,,,,,,0,1,2
audit_qwen14b_balanced90,pubmedqa-official-25079920,maybe,,,,,0.35,,,,,,,,,1,1,0
audit_qwen14b_balanced90,pubmedqa-official-25475395,yes,,,,,0.23333333333333334,,,,,,,,,2,1,0
audit_qwen14b_balanced90,pubmedqa-official-14627582,no,,,,,0.0,,,,,,,,,4,0,0
audit_qwen14b_balanced90,pubmedqa-official-25793749,maybe,,,,,0.325,,,,,,,,,1,0,1
audit_qwen14b_balanced90,pubmedqa-official-19130332,yes,,,,,0.325,,,,,,,,,1,0,1
audit_qwen14b_balanced90,pubmedqa-official-24666444,no,,,,,0.5666666666666667,,,,,,,,,1,1,1
audit_qwen14b_balanced90,pubmedqa-official-19103915,maybe,,,,,0.0,,,,,,,,,3,0,0
audit_qwen14b_balanced90,pubmedqa-official-9427037,yes,,,,,0.0,,,,,,,,,3,0,0
audit_qwen14b_balanced90,pubmedqa-official-18496363,no,,,,,0.325,,,,,,,,,0,1,1
audit_qwen14b_balanced90,pubmedqa-official-11867487,maybe,,,,,0.5666666666666667,,,,,,,,,1,1,1
audit_qwen14b_balanced90,pubmedqa-official-24481006,yes,,,,,0.0,,,,,,,,,3,0,0
audit_qwen14b_balanced90,pubmedqa-official-12040336,no,,,,,0.23333333333333334,,,,,,,,,2,1,0
audit_qwen14b_balanced90,pubmedqa-official-12630042,maybe,,,,,0.21666666666666667,,,,,,,,,2,0,1
audit_qwen14b_balanced90,pubmedqa-official-8165771,yes,,,,,0.5666666666666667,,,,,,,,,1,1,1
audit_qwen14b_balanced90,pubmedqa-official-14631523,no,,,,,0.0,,,,,,,,,0,3,0
audit_qwen14b_balanced90,pubmedqa-official-19468282,maybe,,,,,0.0,,,,,,,,,2,0,0
audit_qwen14b_balanced90,pubmedqa-official-22680064,yes,,,,,0.0,,,,,,,,,2,0,0
audit_qwen14b_balanced90,pubmedqa-official-21823940,no,,,,,0.0,,,,,,,,,0,2,0
audit_qwen14b_balanced90,pubmedqa-official-16538201,maybe,,,,,0.21666666666666667,,,,,,,,,2,0,1
audit_qwen14b_balanced90,pubmedqa-official-22540518,yes,,,,,0.325,,,,,,,,,1,0,1
audit_qwen14b_balanced90,pubmedqa-official-17971187,no,,,,,0.23333333333333334,,,,,,,,,2,1,0
audit_qwen14b_balanced90,pubmedqa-official-20971618,maybe,,,,,0.5666666666666667,,,,,,,,,1,1,1
audit_qwen14b_balanced90,pubmedqa-official-20629769,yes,,,,,0.23333333333333334,,,,,,,,,2,1,0
audit_qwen14b_balanced90,pubmedqa-official-27642458,no,,,,,0.21666666666666667,,,,,,,,,2,0,1
audit_qwen14b_balanced90,pubmedqa-official-24336869,maybe,,,,,0.21666666666666667,,,,,,,,,2,0,1
audit_qwen14b_balanced90,pubmedqa-official-21726930,yes,,,,,0.0,,,,,,,,,4,0,0
audit_qwen14b_balanced90,pubmedqa-official-12970636,no,,,,,0.0,,,,,,,,,3,0,0
audit_qwen14b_balanced90,pubmedqa-official-20197761,maybe,,,,,0.0,,,,,,,,,3,0,0
audit_qwen14b_balanced90,pubmedqa-official-21481154,yes,,,,,0.43333333333333335,,,,,,,,,1,0,2
audit_qwen14b_balanced90,pubmedqa-official-11138995,no,,,,,0.23333333333333334,,,,,,,,,1,2,0
audit_qwen14b_balanced90,pubmedqa-official-16968876,maybe,,,,,0.0,,,,,,,,,4,0,0
audit_qwen14b_balanced90,pubmedqa-official-22902073,yes,,,,,0.0,,,,,,,,,3,0,0
audit_qwen14b_balanced90,pubmedqa-official-15388567,no,,,,,0.23333333333333334,,,,,,,,,1,2,0
audit_qwen14b_balanced90,pubmedqa-official-26778755,maybe,,,,,0.0,,,,,,,,,4,0,0
audit_qwen14b_balanced90,pubmedqa-official-26370095,yes,,,,,0.0,,,,,,,,,4,0,0
audit_qwen14b_balanced90,pubmedqa-official-19142546,no,,,,,0.5666666666666667,,,,,,,,,1,1,1
audit_qwen14b_balanced90,pubmedqa-official-18568290,maybe,,,,,0.21666666666666667,,,,,,,,,2,0,1
audit_qwen14b_balanced90,pubmedqa-official-18041059,yes,,,,,0.0,,,,,,,,,3,0,0
audit_qwen14b_balanced90,pubmedqa-official-8921484,no,,,,,0.21666666666666667,,,,,,,,,2,0,1
audit_qwen14b_balanced90,pubmedqa-official-25371231,maybe,,,,,0.325,,,,,,,,,1,0,1
audit_qwen14b_balanced90,pubmedqa-official-15041506,yes,,,,,0.325,,,,,,,,,1,0,1
audit_qwen14b_balanced90,pubmedqa-official-26209118,no,,,,,0.35,,,,,,,,,1,1,0
audit_qwen14b_balanced90,pubmedqa-official-25394614,maybe,,,,,0.5666666666666667,,,,,,,,,1,1,1
audit_qwen14b_balanced90,pubmedqa-official-11146778,yes,,,,,0.23333333333333334,,,,,,,,,1,2,0
audit_qwen14b_balanced90,pubmedqa-official-22668852,no,,,,,0.325,,,,,,,,,0,1,1
audit_qwen14b_balanced90,pubmedqa-official-11570976,maybe,,,,,1.0,,,,,,,,,0,0,2
audit_qwen14b_balanced90,pubmedqa-official-27281318,yes,,,,,0.325,,,,,,,,,1,0,1
audit_qwen14b_balanced90,pubmedqa-official-18019905,no,,,,,0.325,,,,,,,,,1,0,1
audit_qwen14b_balanced90,pubmedqa-official-16816043,maybe,,,,,0.35,,,,,,,,,1,1,0
audit_qwen14b_balanced90,pubmedqa-official-21645374,yes,,,,,0.0,,,,,,,,,3,0,0
audit_qwen14b_balanced90,pubmedqa-official-18378554,no,,,,,0.5666666666666667,,,,,,,,,1,1,1
audit_qwen14b_balanced90,pubmedqa-official-12805495,maybe,,,,,0.1625,,,,,,,,,3,0,1
audit_qwen14b_balanced90,pubmedqa-official-9465206,yes,,,,,0.43333333333333335,,,,,,,,,1,0,2
audit_qwen14b_balanced90,pubmedqa-official-24073931,no,,,,,1.0,,,,,,,,,0,0,2
audit_qwen14b_balanced90,pubmedqa-official-25571931,maybe,,,,,0.35,,,,,,,,,1,1,0
audit_qwen14b_balanced90,pubmedqa-official-25887165,yes,,,,,0.21666666666666667,,,,,,,,,2,0,1
audit_qwen14b_balanced90,pubmedqa-official-7547656,no,,,,,0.325,,,,,,,,,1,0,1
audit_qwen14b_balanced90,pubmedqa-official-19578820,maybe,,,,,0.0,,,,,,,,,0,2,0
audit_qwen14b_balanced90,pubmedqa-official-15995461,yes,,,,,0.0,,,,,,,,,1,0,0
audit_qwen14b_balanced90,pubmedqa-official-28359277,no,,,,,0.43333333333333335,,,,,,,,,1,0,2
audit_qwen14b_balanced90,pubmedqa-official-18243752,maybe,,,,,0.43333333333333335,,,,,,,,,1,0,2
audit_qwen14b_balanced90,pubmedqa-official-21850494,yes,,,,,0.0,,,,,,,,,3,0,0
audit_qwen14b_balanced90,pubmedqa-official-18667100,no,,,,,0.0,,,,,,,,,0,1,0
audit_qwen14b_balanced90,pubmedqa-official-11458136,maybe,,,,,0.35,,,,,,,,,1,1,0
audit_qwen14b_balanced90,pubmedqa-official-19106867,yes,,,,,0.325,,,,,,,,,1,0,1
audit_qwen14b_balanced90,pubmedqa-official-10781708,no,,,,,0.43333333333333335,,,,,,,,,1,0,2
audit_qwen14b_balanced90,pubmedqa-official-12790890,maybe,,,,,0.175,,,,,,,,,3,1,0
audit_qwen14b_balanced90,pubmedqa-official-21342862,yes,,,,,0.0,,,,,,,,,3,0,0
audit_qwen14b_balanced90,pubmedqa-official-22522271,no,,,,,0.5666666666666667,,,,,,,,,1,1,1
audit_qwen14b_balanced90,pubmedqa-official-18714572,maybe,,,,,0.21666666666666667,,,,,,,,,2,0,1
audit_qwen14b_balanced90,pubmedqa-official-24352924,yes,,,,,0.23333333333333334,,,,,,,,,2,1,0
audit_qwen14b_balanced90,pubmedqa-official-11955750,no,,,,,1.0,,,,,,,,,0,0,1
audit_qwen14b_balanced90,pubmedqa-official-25103647,maybe,,,,,0.5666666666666667,,,,,,,,,1,1,1
audit_qwen14b_oracle_balanced90,pubmedqa-official-12377809,yes,,,,,0.0,,,,,,,,,3,0,0
audit_qwen14b_oracle_balanced90,pubmedqa-official-24577079,no,,,,,0.21666666666666667,,,,,,,,,2,0,1
audit_qwen14b_oracle_balanced90,pubmedqa-official-18284441,maybe,,,,,0.325,,,,,,,,,1,0,1
audit_qwen14b_oracle_balanced90,pubmedqa-official-26163474,yes,,,,,0.43333333333333335,,,,,,,,,1,0,2
audit_qwen14b_oracle_balanced90,pubmedqa-official-24669960,no,,,,,0.0,,,,,,,,,3,0,0
audit_qwen14b_oracle_balanced90,pubmedqa-official-18802997,maybe,,,,,0.0,,,,,,,,,3,0,0
audit_qwen14b_oracle_balanced90,pubmedqa-official-19100463,yes,,,,,0.21666666666666667,,,,,,,,,2,0,1
audit_qwen14b_oracle_balanced90,pubmedqa-official-15502995,no,,,,,0.325,,,,,,,,,0,1,1
audit_qwen14b_oracle_balanced90,pubmedqa-official-17621202,maybe,,,,,1.0,,,,,,,,,0,0,1
audit_qwen14b_oracle_balanced90,pubmedqa-official-18537964,yes,,,,,0.23333333333333334,,,,,,,,,2,1,0
audit_qwen14b_oracle_balanced90,pubmedqa-official-21214884,no,,,,,0.0,,,,,,,,,0,1,0
audit_qwen14b_oracle_balanced90,pubmedqa-official-11411430,maybe,,,,,0.0,,,,,,,,,3,0,0
audit_qwen14b_oracle_balanced90,pubmedqa-official-12913878,yes,,,,,0.21666666666666667,,,,,,,,,2,0,1
audit_qwen14b_oracle_balanced90,pubmedqa-official-24476003,no,,,,,0.0,,,,,,,,,0,1,0
audit_qwen14b_oracle_balanced90,pubmedqa-official-26708803,maybe,,,,,0.23333333333333334,,,,,,,,,2,1,0
audit_qwen14b_oracle_balanced90,pubmedqa-official-12765819,yes,,,,,0.325,,,,,,,,,1,0,1
audit_qwen14b_oracle_balanced90,pubmedqa-official-22758782,no,,,,,1.0,,,,,,,,,0,0,3
audit_qwen14b_oracle_balanced90,pubmedqa-official-25079920,maybe,,,,,0.35,,,,,,,,,1,1,0
audit_qwen14b_oracle_balanced90,pubmedqa-official-25475395,yes,,,,,0.23333333333333334,,,,,,,,,2,1,0
audit_qwen14b_oracle_balanced90,pubmedqa-official-14627582,no,,,,,0.35,,,,,,,,,1,1,0
audit_qwen14b_oracle_balanced90,pubmedqa-official-25793749,maybe,,,,,0.21666666666666667,,,,,,,,,2,0,1
audit_qwen14b_oracle_balanced90,pubmedqa-official-19130332,yes,,,,,0.325,,,,,,,,,0,1,1
audit_qwen14b_oracle_balanced90,pubmedqa-official-24666444,no,,,,,0.0,,,,,,,,,1,0,0
audit_qwen14b_oracle_balanced90,pubmedqa-official-19103915,maybe,,,,,0.21666666666666667,,,,,,,,,2,0,1
audit_qwen14b_oracle_balanced90,pubmedqa-official-9427037,yes,,,,,0.0,,,,,,,,,3,0,0
audit_qwen14b_oracle_balanced90,pubmedqa-official-18496363,no,,,,,0.35,,,,,,,,,1,1,0
audit_qwen14b_oracle_balanced90,pubmedqa-official-11867487,maybe,,,,,0.21666666666666667,,,,,,,,,2,0,1
audit_qwen14b_oracle_balanced90,pubmedqa-official-24481006,yes,,,,,0.0,,,,,,,,,2,0,0
audit_qwen14b_oracle_balanced90,pubmedqa-official-12040336,no,,,,,1.0,,,,,,,,,0,0,1
audit_qwen14b_oracle_balanced90,pubmedqa-official-12630042,maybe,,,,,0.21666666666666667,,,,,,,,,2,0,1
audit_qwen14b_oracle_balanced90,pubmedqa-official-8165771,yes,,,,,0.35,,,,,,,,,1,1,0
audit_qwen14b_oracle_balanced90,pubmedqa-official-14631523,no,,,,,0.35,,,,,,,,,2,2,0
audit_qwen14b_oracle_balanced90,pubmedqa-official-19468282,maybe,,,,,0.5666666666666667,,,,,,,,,1,1,1
audit_qwen14b_oracle_balanced90,pubmedqa-official-22680064,yes,,,,,0.0,,,,,,,,,1,0,0
audit_qwen14b_oracle_balanced90,pubmedqa-official-21823940,no,,,,,0.0,,,,,,,,,2,0,0
audit_qwen14b_oracle_balanced90,pubmedqa-official-16538201,maybe,,,,,0.325,,,,,,,,,1,0,1
audit_qwen14b_oracle_balanced90,pubmedqa-official-22540518,yes,,,,,0.0,,,,,,,,,3,0,0
audit_qwen14b_oracle_balanced90,pubmedqa-official-17971187,no,,,,,0.0,,,,,,,,,2,0,0
audit_qwen14b_oracle_balanced90,pubmedqa-official-20971618,maybe,,,,,1.0,,,,,,,,,0,0,3
audit_qwen14b_oracle_balanced90,pubmedqa-official-20629769,yes,,,,,0.5666666666666667,,,,,,,,,1,1,1
audit_qwen14b_oracle_balanced90,pubmedqa-official-27642458,no,,,,,0.325,,,,,,,,,1,0,1
audit_qwen14b_oracle_balanced90,pubmedqa-official-24336869,maybe,,,,,0.21666666666666667,,,,,,,,,2,0,1
audit_qwen14b_oracle_balanced90,pubmedqa-official-21726930,yes,,,,,0.21666666666666667,,,,,,,,,2,0,1
audit_qwen14b_oracle_balanced90,pubmedqa-official-12970636,no,,,,,0.0,,,,,,,,,1,0,0
audit_qwen14b_oracle_balanced90,pubmedqa-official-20197761,maybe,,,,,0.0,,,,,,,,,3,0,0
audit_qwen14b_oracle_balanced90,pubmedqa-official-21481154,yes,,,,,1.0,,,,,,,,,0,0,2
audit_qwen14b_oracle_balanced90,pubmedqa-official-11138995,no,,,,,0.35,,,,,,,,,1,1,0
audit_qwen14b_oracle_balanced90,pubmedqa-official-16968876,maybe,,,,,0.0,,,,,,,,,0,0,0
audit_qwen14b_oracle_balanced90,pubmedqa-official-22902073,yes,,,,,0.0,,,,,,,,,2,0,0
audit_qwen14b_oracle_balanced90,pubmedqa-official-15388567,no,,,,,0.5666666666666667,,,,,,,,,1,1,1
audit_qwen14b_oracle_balanced90,pubmedqa-official-26778755,maybe,,,,,0.21666666666666667,,,,,,,,,2,0,1
audit_qwen14b_oracle_balanced90,pubmedqa-official-26370095,yes,,,,,0.0,,,,,,,,,2,0,0
audit_qwen14b_oracle_balanced90,pubmedqa-official-19142546,no,,,,,0.0,,,,,,,,,0,1,0
audit_qwen14b_oracle_balanced90,pubmedqa-official-18568290,maybe,,,,,0.325,,,,,,,,,1,0,1
audit_qwen14b_oracle_balanced90,pubmedqa-official-18041059,yes,,,,,0.35,,,,,,,,,1,1,0
audit_qwen14b_oracle_balanced90,pubmedqa-official-8921484,no,,,,,0.325,,,,,,,,,1,0,1
audit_qwen14b_oracle_balanced90,pubmedqa-official-25371231,maybe,,,,,0.325,,,,,,,,,1,0,1
audit_qwen14b_oracle_balanced90,pubmedqa-official-15041506,yes,,,,,0.0,,,,,,,,,1,0,0
audit_qwen14b_oracle_balanced90,pubmedqa-official-26209118,no,,,,,0.0,,,,,,,,,0,1,0
audit_qwen14b_oracle_balanced90,pubmedqa-official-25394614,maybe,,,,,0.43333333333333335,,,,,,,,,0,1,2
audit_qwen14b_oracle_balanced90,pubmedqa-official-11146778,yes,,,,,0.325,,,,,,,,,1,0,1
audit_qwen14b_oracle_balanced90,pubmedqa-official-22668852,no,,,,,0.0,,,,,,,,,0,1,0
audit_qwen14b_oracle_balanced90,pubmedqa-official-11570976,maybe,,,,,0.325,,,,,,,,,1,0,1
audit_qwen14b_oracle_balanced90,pubmedqa-official-27281318,yes,,,,,0.21666666666666667,,,,,,,,,2,0,1
audit_qwen14b_oracle_balanced90,pubmedqa-official-18019905,no,,,,,0.325,,,,,,,,,1,0,1
audit_qwen14b_oracle_balanced90,pubmedqa-official-16816043,maybe,,,,,1.0,,,,,,,,,0,0,2
audit_qwen14b_oracle_balanced90,pubmedqa-official-21645374,yes,,,,,0.325,,,,,,,,,1,0,1
audit_qwen14b_oracle_balanced90,pubmedqa-official-18378554,no,,,,,0.35,,,,,,,,,1,1,0
audit_qwen14b_oracle_balanced90,pubmedqa-official-12805495,maybe,,,,,0.39583333333333337,,,,,,,,,2,1,1
audit_qwen14b_oracle_balanced90,pubmedqa-official-9465206,yes,,,,,0.175,,,,,,,,,3,1,0
audit_qwen14b_oracle_balanced90,pubmedqa-official-24073931,no,,,,,1.0,,,,,,,,,0,0,1
audit_qwen14b_oracle_balanced90,pubmedqa-official-25571931,maybe,,,,,1.0,,,,,,,,,0,0,1
audit_qwen14b_oracle_balanced90,pubmedqa-official-25887165,yes,,,,,0.0,,,,,,,,,2,0,0
audit_qwen14b_oracle_balanced90,pubmedqa-official-7547656,no,,,,,0.35,,,,,,,,,1,1,0
audit_qwen14b_oracle_balanced90,pubmedqa-official-19578820,maybe,,,,,0.0,,,,,,,,,2,0,0
audit_qwen14b_oracle_balanced90,pubmedqa-official-15995461,yes,,,,,0.0,,,,,,,,,2,0,0
audit_qwen14b_oracle_balanced90,pubmedqa-official-28359277,no,,,,,0.23333333333333334,,,,,,,,,2,1,0
audit_qwen14b_oracle_balanced90,pubmedqa-official-18243752,maybe,,,,,0.35,,,,,,,,,1,1,0
audit_qwen14b_oracle_balanced90,pubmedqa-official-21850494,yes,,,,,0.0,,,,,,,,,3,0,0
audit_qwen14b_oracle_balanced90,pubmedqa-official-18667100,no,,,,,0.0,,,,,,,,,2,0,0
audit_qwen14b_oracle_balanced90,pubmedqa-official-11458136,maybe,,,,,0.325,,,,,,,,,1,0,1
audit_qwen14b_oracle_balanced90,pubmedqa-official-19106867,yes,,,,,0.325,,,,,,,,,1,0,1
audit_qwen14b_oracle_balanced90,pubmedqa-official-10781708,no,,,,,0.21666666666666667,,,,,,,,,0,2,1
audit_qwen14b_oracle_balanced90,pubmedqa-official-12790890,maybe,,,,,0.43333333333333335,,,,,,,,,1,0,2
audit_qwen14b_oracle_balanced90,pubmedqa-official-21342862,yes,,,,,0.325,,,,,,,,,1,0,1
audit_qwen14b_oracle_balanced90,pubmedqa-official-22522271,no,,,,,0.35,,,,,,,,,1,1,0
audit_qwen14b_oracle_balanced90,pubmedqa-official-18714572,maybe,,,,,0.325,,,,,,,,,1,0,1
audit_qwen14b_oracle_balanced90,pubmedqa-official-24352924,yes,,,,,0.21666666666666667,,,,,,,,,2,0,1
audit_qwen14b_oracle_balanced90,pubmedqa-official-11955750,no,,,,,0.0,,,,,,,,,0,1,0
audit_qwen14b_oracle_balanced90,pubmedqa-official-25103647,maybe,,,,,0.35,,,,,,,,,1,1,0
audit_qwen7b_balanced90,pubmedqa-official-12377809,yes,,,,,0.0,,,,,,,,,4,0,0
audit_qwen7b_balanced90,pubmedqa-official-24577079,no,,,,,0.0,,,,,,,,,6,0,0
audit_qwen7b_balanced90,pubmedqa-official-18284441,maybe,,,,,0.0,,,,,,,,,6,0,0
audit_qwen7b_balanced90,pubmedqa-official-26163474,yes,,,,,0.0,,,,,,,,,4,0,0
audit_qwen7b_balanced90,pubmedqa-official-24669960,no,,,,,0.0,,,,,,,,,6,0,0
audit_qwen7b_balanced90,pubmedqa-official-18802997,maybe,,,,,0.0,,,,,,,,,6,0,0
audit_qwen7b_balanced90,pubmedqa-official-19100463,yes,,,,,0.0,,,,,,,,,4,0,0
audit_qwen7b_balanced90,pubmedqa-official-15502995,no,,,,,0.0,,,,,,,,,3,0,0
audit_qwen7b_balanced90,pubmedqa-official-17621202,maybe,,,,,0.0,,,,,,,,,4,0,0
audit_qwen7b_balanced90,pubmedqa-official-18537964,yes,,,,,0.0,,,,,,,,,2,0,0
audit_qwen7b_balanced90,pubmedqa-official-21214884,no,,,,,0.0,,,,,,,,,2,0,0
audit_qwen7b_balanced90,pubmedqa-official-11411430,maybe,,,,,0.1625,,,,,,,,,3,0,1
audit_qwen7b_balanced90,pubmedqa-official-12913878,yes,,,,,0.0,,,,,,,,,3,0,0
audit_qwen7b_balanced90,pubmedqa-official-24476003,no,,,,,0.0,,,,,,,,,4,0,0
audit_qwen7b_balanced90,pubmedqa-official-26708803,maybe,,,,,0.0,,,,,,,,,4,0,0
audit_qwen7b_balanced90,pubmedqa-official-12765819,yes,,,,,0.0,,,,,,,,,4,0,0
audit_qwen7b_balanced90,pubmedqa-official-22758782,no,,,,,0.0,,,,,,,,,4,0,0
audit_qwen7b_balanced90,pubmedqa-official-25079920,maybe,,,,,0.0,,,,,,,,,4,0,0
audit_qwen7b_balanced90,pubmedqa-official-25475395,yes,,,,,0.10833333333333334,,,,,,,,,5,0,1
audit_qwen7b_balanced90,pubmedqa-official-14627582,no,,,,,0.0,,,,,,,,,5,0,0
audit_qwen7b_balanced90,pubmedqa-official-25793749,maybe,,,,,0.0,,,,,,,,,7,0,0
audit_qwen7b_balanced90,pubmedqa-official-19130332,yes,,,,,0.0,,,,,,,,,4,0,0
audit_qwen7b_balanced90,pubmedqa-official-24666444,no,,,,,0.39583333333333337,,,,,,,,,2,1,1
audit_qwen7b_balanced90,pubmedqa-official-19103915,maybe,,,,,0.0,,,,,,,,,3,0,0
audit_qwen7b_balanced90,pubmedqa-official-9427037,yes,,,,,0.0,,,,,,,,,4,0,0
audit_qwen7b_balanced90,pubmedqa-official-18496363,no,,,,,0.21666666666666667,,,,,,,,,2,0,1
audit_qwen7b_balanced90,pubmedqa-official-11867487,maybe,,,,,0.0,,,,,,,,,4,0,0
audit_qwen7b_balanced90,pubmedqa-official-24481006,yes,,,,,0.0,,,,,,,,,4,0,0
audit_qwen7b_balanced90,pubmedqa-official-12040336,no,,,,,0.0,,,,,,,,,5,0,0
audit_qwen7b_balanced90,pubmedqa-official-12630042,maybe,,,,,0.21666666666666667,,,,,,,,,2,0,1
audit_qwen7b_balanced90,pubmedqa-official-8165771,yes,,,,,0.35,,,,,,,,,2,2,0
audit_qwen7b_balanced90,pubmedqa-official-14631523,no,,,,,0.21666666666666667,,,,,,,,,2,0,1
audit_qwen7b_balanced90,pubmedqa-official-19468282,maybe,,,,,0.0,,,,,,,,,3,0,0
audit_qwen7b_balanced90,pubmedqa-official-22680064,yes,,,,,0.0,,,,,,,,,4,0,0
audit_qwen7b_balanced90,pubmedqa-official-21823940,no,,,,,0.0,,,,,,,,,5,0,0
audit_qwen7b_balanced90,pubmedqa-official-16538201,maybe,,,,,0.0,,,,,,,,,3,0,0
audit_qwen7b_balanced90,pubmedqa-official-22540518,yes,,,,,0.0,,,,,,,,,4,0,0
audit_qwen7b_balanced90,pubmedqa-official-17971187,no,,,,,0.0,,,,,,,,,3,0,0
audit_qwen7b_balanced90,pubmedqa-official-20971618,maybe,,,,,0.5666666666666667,,,,,,,,,1,1,1
audit_qwen7b_balanced90,pubmedqa-official-20629769,yes,,,,,0.0,,,,,,,,,4,0,0
audit_qwen7b_balanced90,pubmedqa-official-27642458,no,,,,,0.21666666666666667,,,,,,,,,2,0,1
audit_qwen7b_balanced90,pubmedqa-official-24336869,maybe,,,,,0.1625,,,,,,,,,3,0,1
audit_qwen7b_balanced90,pubmedqa-official-21726930,yes,,,,,0.0,,,,,,,,,4,0,0
audit_qwen7b_balanced90,pubmedqa-official-12970636,no,,,,,0.0,,,,,,,,,4,0,0
audit_qwen7b_balanced90,pubmedqa-official-20197761,maybe,,,,,0.0,,,,,,,,,3,0,0
audit_qwen7b_balanced90,pubmedqa-official-21481154,yes,,,,,0.0,,,,,,,,,4,0,0
audit_qwen7b_balanced90,pubmedqa-official-11138995,no,,,,,0.39583333333333337,,,,,,,,,1,2,1
audit_qwen7b_balanced90,pubmedqa-official-16968876,maybe,,,,,0.0,,,,,,,,,4,0,0
audit_qwen7b_balanced90,pubmedqa-official-22902073,yes,,,,,0.0,,,,,,,,,4,0,0
audit_qwen7b_balanced90,pubmedqa-official-15388567,no,,,,,0.21666666666666667,,,,,,,,,0,2,1
audit_qwen7b_balanced90,pubmedqa-official-26778755,maybe,,,,,0.0,,,,,,,,,5,0,0
audit_qwen7b_balanced90,pubmedqa-official-26370095,yes,,,,,0.0,,,,,,,,,5,0,0
audit_qwen7b_balanced90,pubmedqa-official-19142546,no,,,,,0.0,,,,,,,,,3,0,0
audit_qwen7b_balanced90,pubmedqa-official-18568290,maybe,,,,,0.0,,,,,,,,,4,0,0
audit_qwen7b_balanced90,pubmedqa-official-18041059,yes,,,,,0.0,,,,,,,,,3,0,0
audit_qwen7b_balanced90,pubmedqa-official-8921484,no,,,,,0.09285714285714286,,,,,,,,,6,0,1
audit_qwen7b_balanced90,pubmedqa-official-25371231,maybe,,,,,0.0,,,,,,,,,4,0,0
audit_qwen7b_balanced90,pubmedqa-official-15041506,yes,,,,,0.0,,,,,,,,,4,0,0
audit_qwen7b_balanced90,pubmedqa-official-26209118,no,,,,,0.0,,,,,,,,,3,0,0
audit_qwen7b_balanced90,pubmedqa-official-25394614,maybe,,,,,0.0,,,,,,,,,4,0,0
audit_qwen7b_balanced90,pubmedqa-official-11146778,yes,,,,,0.0,,,,,,,,,7,0,0
audit_qwen7b_balanced90,pubmedqa-official-22668852,no,,,,,0.0,,,,,,,,,3,0,0
audit_qwen7b_balanced90,pubmedqa-official-11570976,maybe,,,,,1.0,,,,,,,,,0,0,1
audit_qwen7b_balanced90,pubmedqa-official-27281318,yes,,,,,0.325,,,,,,,,,1,0,1
audit_qwen7b_balanced90,pubmedqa-official-18019905,no,,,,,0.21666666666666667,,,,,,,,,2,0,1
audit_qwen7b_balanced90,pubmedqa-official-16816043,maybe,,,,,0.21666666666666667,,,,,,,,,2,0,1
audit_qwen7b_balanced90,pubmedqa-official-21645374,yes,,,,,0.1625,,,,,,,,,3,0,1
audit_qwen7b_balanced90,pubmedqa-official-18378554,no,,,,,0.1625,,,,,,,,,3,0,1
audit_qwen7b_balanced90,pubmedqa-official-12805495,maybe,,,,,0.10833333333333334,,,,,,,,,5,0,1
audit_qwen7b_balanced90,pubmedqa-official-9465206,yes,,,,,0.43333333333333335,,,,,,,,,1,0,2
audit_qwen7b_balanced90,pubmedqa-official-24073931,no,,,,,0.1625,,,,,,,,,3,0,1
audit_qwen7b_balanced90,pubmedqa-official-25571931,maybe,,,,,0.0,,,,,,,,,4,0,0
audit_qwen7b_balanced90,pubmedqa-official-25887165,yes,,,,,0.0,,,,,,,,,3,0,0
audit_qwen7b_balanced90,pubmedqa-official-7547656,no,,,,,0.175,,,,,,,,,3,1,0
audit_qwen7b_balanced90,pubmedqa-official-19578820,maybe,,,,,0.0,,,,,,,,,2,0,0
audit_qwen7b_balanced90,pubmedqa-official-15995461,yes,,,,,0.0,,,,,,,,,1,0,0
audit_qwen7b_balanced90,pubmedqa-official-28359277,no,,,,,0.0,,,,,,,,,3,0,0
audit_qwen7b_balanced90,pubmedqa-official-18243752,maybe,,,,,0.18571428571428572,,,,,,,,,5,0,2
audit_qwen7b_balanced90,pubmedqa-official-21850494,yes,,,,,0.0,,,,,,,,,4,0,0
audit_qwen7b_balanced90,pubmedqa-official-18667100,no,,,,,0.0,,,,,,,,,4,0,0
audit_qwen7b_balanced90,pubmedqa-official-11458136,maybe,,,,,0.0,,,,,,,,,3,0,0
audit_qwen7b_balanced90,pubmedqa-official-19106867,yes,,,,,0.0,,,,,,,,,7,0,0
audit_qwen7b_balanced90,pubmedqa-official-10781708,no,,,,,0.0,,,,,,,,,3,0,0
audit_qwen7b_balanced90,pubmedqa-official-12790890,maybe,,,,,0.0,,,,,,,,,6,0,0
audit_qwen7b_balanced90,pubmedqa-official-21342862,yes,,,,,0.0,,,,,,,,,4,0,0
audit_qwen7b_balanced90,pubmedqa-official-22522271,no,,,,,0.0,,,,,,,,,4,0,0
audit_qwen7b_balanced90,pubmedqa-official-18714572,maybe,,,,,0.0,,,,,,,,,5,0,0
audit_qwen7b_balanced90,pubmedqa-official-24352924,yes,,,,,0.10833333333333334,,,,,,,,,5,0,1
audit_qwen7b_balanced90,pubmedqa-official-11955750,no,,,,,0.1625,,,,,,,,,3,0,1
audit_qwen7b_balanced90,pubmedqa-official-25103647,maybe,,,,,0.1625,,,,,,,,,3,0,1
audit_r1_14b_balanced90,pubmedqa-official-12377809,yes,,,,,0.0,,,,,,,,,2,0,0
audit_r1_14b_balanced90,pubmedqa-official-24577079,no,,,,,0.23333333333333334,,,,,,,,,1,2,0
audit_r1_14b_balanced90,pubmedqa-official-18284441,maybe,,,,,0.1625,,,,,,,,,3,0,1
audit_r1_14b_balanced90,pubmedqa-official-26163474,yes,,,,,0.0,,,,,,,,,3,0,0
audit_r1_14b_balanced90,pubmedqa-official-24669960,no,,,,,0.0,,,,,,,,,0,2,0
audit_r1_14b_balanced90,pubmedqa-official-18802997,maybe,,,,,0.21666666666666667,,,,,,,,,2,0,1
audit_r1_14b_balanced90,pubmedqa-official-19100463,yes,,,,,0.1625,,,,,,,,,3,0,1
audit_r1_14b_balanced90,pubmedqa-official-15502995,no,,,,,0.325,,,,,,,,,0,1,1
audit_r1_14b_balanced90,pubmedqa-official-17621202,maybe,,,,,0.35,,,,,,,,,1,1,0
audit_r1_14b_balanced90,pubmedqa-official-18537964,yes,,,,,0.0,,,,,,,,,2,0,0
audit_r1_14b_balanced90,pubmedqa-official-21214884,no,,,,,0.0,,,,,,,,,0,2,0
audit_r1_14b_balanced90,pubmedqa-official-11411430,maybe,,,,,0.0,,,,,,,,,0,0,0
audit_r1_14b_balanced90,pubmedqa-official-12913878,yes,,,,,0.0,,,,,,,,,3,0,0
audit_r1_14b_balanced90,pubmedqa-official-24476003,no,,,,,0.0,,,,,,,,,0,2,0
audit_r1_14b_balanced90,pubmedqa-official-26708803,maybe,,,,,0.0,,,,,,,,,2,0,0
audit_r1_14b_balanced90,pubmedqa-official-12765819,yes,,,,,0.0,,,,,,,,,1,0,0
audit_r1_14b_balanced90,pubmedqa-official-22758782,no,,,,,0.43333333333333335,,,,,,,,,0,1,2
audit_r1_14b_balanced90,pubmedqa-official-25079920,maybe,,,,,0.5666666666666667,,,,,,,,,1,1,1
audit_r1_14b_balanced90,pubmedqa-official-25475395,yes,,,,,0.35,,,,,,,,,2,2,0
audit_r1_14b_balanced90,pubmedqa-official-14627582,no,,,,,0.21666666666666667,,,,,,,,,2,0,1
audit_r1_14b_balanced90,pubmedqa-official-25793749,maybe,,,,,0.0,,,,,,,,,2,0,0
audit_r1_14b_balanced90,pubmedqa-official-19130332,yes,,,,,0.675,,,,,,,,,1,1,2
audit_r1_14b_balanced90,pubmedqa-official-24666444,no,,,,,0.325,,,,,,,,,0,1,1
audit_r1_14b_balanced90,pubmedqa-official-19103915,maybe,,,,,0.3261904761904762,,,,,,,,,4,2,1
audit_r1_14b_balanced90,pubmedqa-official-9427037,yes,,,,,0.0,,,,,,,,,1,0,0
audit_r1_14b_balanced90,pubmedqa-official-18496363,no,,,,,1.0,,,,,,,,,0,0,3
audit_r1_14b_balanced90,pubmedqa-official-11867487,maybe,,,,,0.39583333333333337,,,,,,,,,1,2,1
audit_r1_14b_balanced90,pubmedqa-official-24481006,yes,,,,,0.21666666666666667,,,,,,,,,2,0,1
audit_r1_14b_balanced90,pubmedqa-official-12040336,no,,,,,0.0,,,,,,,,,0,2,0
audit_r1_14b_balanced90,pubmedqa-official-12630042,maybe,,,,,0.325,,,,,,,,,1,0,1
audit_r1_14b_balanced90,pubmedqa-official-8165771,yes,,,,,0.23333333333333334,,,,,,,,,2,1,0
audit_r1_14b_balanced90,pubmedqa-official-14631523,no,,,,,0.0,,,,,,,,,0,2,0
audit_r1_14b_balanced90,pubmedqa-official-19468282,maybe,,,,,0.0,,,,,,,,,2,0,0
audit_r1_14b_balanced90,pubmedqa-official-22680064,yes,,,,,0.0,,,,,,,,,1,0,0
audit_r1_14b_balanced90,pubmedqa-official-21823940,no,,,,,0.23333333333333334,,,,,,,,,1,2,0
audit_r1_14b_balanced90,pubmedqa-official-16538201,maybe,,,,,1.0,,,,,,,,,0,0,1
audit_r1_14b_balanced90,pubmedqa-official-22540518,yes,,,,,0.0,,,,,,,,,3,0,0
audit_r1_14b_balanced90,pubmedqa-official-17971187,no,,,,,0.35,,,,,,,,,1,1,0
audit_r1_14b_balanced90,pubmedqa-official-20971618,maybe,,,,,0.5666666666666667,,,,,,,,,1,1,1
audit_r1_14b_balanced90,pubmedqa-official-20629769,yes,,,,,0.1625,,,,,,,,,3,0,1
audit_r1_14b_balanced90,pubmedqa-official-27642458,no,,,,,1.0,,,,,,,,,0,0,1
audit_r1_14b_balanced90,pubmedqa-official-24336869,maybe,,,,,0.0,,,,,,,,,4,0,0
audit_r1_14b_balanced90,pubmedqa-official-21726930,yes,,,,,0.0,,,,,,,,,2,0,0
audit_r1_14b_balanced90,pubmedqa-official-12970636,no,,,,,0.325,,,,,,,,,1,0,1
audit_r1_14b_balanced90,pubmedqa-official-20197761,maybe,,,,,0.325,,,,,,,,,1,0,1
audit_r1_14b_balanced90,pubmedqa-official-21481154,yes,,,,,0.325,,,,,,,,,1,0,1
audit_r1_14b_balanced90,pubmedqa-official-11138995,no,,,,,0.0,,,,,,,,,0,2,0
audit_r1_14b_balanced90,pubmedqa-official-16968876,maybe,,,,,0.0,,,,,,,,,0,0,0
audit_r1_14b_balanced90,pubmedqa-official-22902073,yes,,,,,0.0,,,,,,,,,3,0,0
audit_r1_14b_balanced90,pubmedqa-official-15388567,no,,,,,1.0,,,,,,,,,0,0,2
audit_r1_14b_balanced90,pubmedqa-official-26778755,maybe,,,,,0.23333333333333334,,,,,,,,,1,2,0
audit_r1_14b_balanced90,pubmedqa-official-26370095,yes,,,,,0.0,,,,,,,,,3,0,0
audit_r1_14b_balanced90,pubmedqa-official-19142546,no,,,,,0.0,,,,,,,,,0,2,0
audit_r1_14b_balanced90,pubmedqa-official-18568290,maybe,,,,,0.0,,,,,,,,,2,0,0
audit_r1_14b_balanced90,pubmedqa-official-18041059,yes,,,,,0.21666666666666667,,,,,,,,,2,0,1
audit_r1_14b_balanced90,pubmedqa-official-8921484,no,,,,,0.39583333333333337,,,,,,,,,1,2,1
audit_r1_14b_balanced90,pubmedqa-official-25371231,maybe,,,,,0.325,,,,,,,,,1,0,1
audit_r1_14b_balanced90,pubmedqa-official-15041506,yes,,,,,0.0,,,,,,,,,2,0,0
audit_r1_14b_balanced90,pubmedqa-official-26209118,no,,,,,0.0,,,,,,,,,0,2,0
audit_r1_14b_balanced90,pubmedqa-official-25394614,maybe,,,,,0.0,,,,,,,,,0,2,0
audit_r1_14b_balanced90,pubmedqa-official-11146778,yes,,,,,0.21666666666666667,,,,,,,,,0,2,1
audit_r1_14b_balanced90,pubmedqa-official-22668852,no,,,,,0.0,,,,,,,,,0,0,0
audit_r1_14b_balanced90,pubmedqa-official-11570976,maybe,,,,,1.0,,,,,,,,,0,0,1
audit_r1_14b_balanced90,pubmedqa-official-27281318,yes,,,,,0.0,,,,,,,,,2,0,0
audit_r1_14b_balanced90,pubmedqa-official-18019905,no,,,,,0.325,,,,,,,,,1,0,1
audit_r1_14b_balanced90,pubmedqa-official-16816043,maybe,,,,,0.23333333333333334,,,,,,,,,2,1,0
audit_r1_14b_balanced90,pubmedqa-official-21645374,yes,,,,,0.0,,,,,,,,,3,0,0
audit_r1_14b_balanced90,pubmedqa-official-18378554,no,,,,,0.35,,,,,,,,,1,1,0
audit_r1_14b_balanced90,pubmedqa-official-12805495,maybe,,,,,0.1625,,,,,,,,,3,0,1
audit_r1_14b_balanced90,pubmedqa-official-9465206,yes,,,,,1.0,,,,,,,,,0,0,3
audit_r1_14b_balanced90,pubmedqa-official-24073931,no,,,,,1.0,,,,,,,,,0,0,3
audit_r1_14b_balanced90,pubmedqa-official-25571931,maybe,,,,,0.35,,,,,,,,,1,1,0
audit_r1_14b_balanced90,pubmedqa-official-25887165,yes,,,,,0.0,,,,,,,,,1,0,0
audit_r1_14b_balanced90,pubmedqa-official-7547656,no,,,,,0.0,,,,,,,,,0,1,0
audit_r1_14b_balanced90,pubmedqa-official-19578820,maybe,,,,,0.0,,,,,,,,,2,0,0
audit_r1_14b_balanced90,pubmedqa-official-15995461,yes,,,,,0.0,,,,,,,,,1,0,0
audit_r1_14b_balanced90,pubmedqa-official-28359277,no,,,,,1.0,,,,,,,,,0,0,4
audit_r1_14b_balanced90,pubmedqa-official-18243752,maybe,,,,,1.0,,,,,,,,,0,0,2
audit_r1_14b_balanced90,pubmedqa-official-21850494,yes,,,,,0.13,,,,,,,,,4,0,1
audit_r1_14b_balanced90,pubmedqa-official-18667100,no,,,,,0.0,,,,,,,,,0,2,0
audit_r1_14b_balanced90,pubmedqa-official-11458136,maybe,,,,,0.325,,,,,,,,,0,2,2
audit_r1_14b_balanced90,pubmedqa-official-19106867,yes,,,,,1.0,,,,,,,,,0,0,1
audit_r1_14b_balanced90,pubmedqa-official-10781708,no,,,,,0.325,,,,,,,,,0,1,1
audit_r1_14b_balanced90,pubmedqa-official-12790890,maybe,,,,,0.325,,,,,,,,,2,0,2
audit_r1_14b_balanced90,pubmedqa-official-21342862,yes,,,,,0.0,,,,,,,,,1,0,0
audit_r1_14b_balanced90,pubmedqa-official-22522271,no,,,,,0.325,,,,,,,,,0,1,1
audit_r1_14b_balanced90,pubmedqa-official-18714572,maybe,,,,,0.23333333333333334,,,,,,,,,2,1,0
audit_r1_14b_balanced90,pubmedqa-official-24352924,yes,,,,,0.39583333333333337,,,,,,,,,2,1,1
audit_r1_14b_balanced90,pubmedqa-official-11955750,no,,,,,1.0,,,,,,,,,0,0,2
audit_r1_14b_balanced90,pubmedqa-official-25103647,maybe,,,,,0.0,,,,,,,,,0,0,0
nli_abstract_balanced90,pubmedqa-official-12377809,yes,,,,,0.9941462686648781,,,,,,,,,,,
nli_abstract_balanced90,pubmedqa-official-24577079,no,,,,,0.9833381720849235,,,,,,,,,,,
nli_abstract_balanced90,pubmedqa-official-18284441,maybe,,,,,0.9972052890651947,,,,,,,,,,,
nli_abstract_balanced90,pubmedqa-official-26163474,yes,,,,,0.966322897169724,,,,,,,,,,,
nli_abstract_balanced90,pubmedqa-official-24669960,no,,,,,0.8043345729135443,,,,,,,,,,,
nli_abstract_balanced90,pubmedqa-official-18802997,maybe,,,,,0.7601350721733735,,,,,,,,,,,
nli_abstract_balanced90,pubmedqa-official-19100463,yes,,,,,0.751508102896314,,,,,,,,,,,
nli_abstract_balanced90,pubmedqa-official-15502995,no,,,,,0.9685759922237355,,,,,,,,,,,
nli_abstract_balanced90,pubmedqa-official-17621202,maybe,,,,,0.6254707550921073,,,,,,,,,,,
nli_abstract_balanced90,pubmedqa-official-18537964,yes,,,,,0.9966765818560797,,,,,,,,,,,
nli_abstract_balanced90,pubmedqa-official-21214884,no,,,,,0.967483920885112,,,,,,,,,,,
nli_abstract_balanced90,pubmedqa-official-11411430,maybe,,,,,0.9775330260418822,,,,,,,,,,,
nli_abstract_balanced90,pubmedqa-official-12913878,yes,,,,,0.9978515394826326,,,,,,,,,,,
nli_abstract_balanced90,pubmedqa-official-24476003,no,,,,,0.8157273945941461,,,,,,,,,,,
nli_abstract_balanced90,pubmedqa-official-26708803,maybe,,,,,0.9950018692497569,,,,,,,,,,,
nli_abstract_balanced90,pubmedqa-official-12765819,yes,,,,,0.9260230004116146,,,,,,,,,,,
nli_abstract_balanced90,pubmedqa-official-22758782,no,,,,,0.9935011860864607,,,,,,,,,,,
nli_abstract_balanced90,pubmedqa-official-25079920,maybe,,,,,0.8120310184720635,,,,,,,,,,,
nli_abstract_balanced90,pubmedqa-official-25475395,yes,,,,,0.983103903457361,,,,,,,,,,,
nli_abstract_balanced90,pubmedqa-official-14627582,no,,,,,0.9429609846206469,,,,,,,,,,,
nli_abstract_balanced90,pubmedqa-official-25793749,maybe,,,,,0.9985585274273515,,,,,,,,,,,
nli_abstract_balanced90,pubmedqa-official-19130332,yes,,,,,0.9952186737351261,,,,,,,,,,,
nli_abstract_balanced90,pubmedqa-official-24666444,no,,,,,0.9928849901096353,,,,,,,,,,,
nli_abstract_balanced90,pubmedqa-official-19103915,maybe,,,,,0.9935518959345684,,,,,,,,,,,
nli_abstract_balanced90,pubmedqa-official-9427037,yes,,,,,0.9969571791972596,,,,,,,,,,,
nli_abstract_balanced90,pubmedqa-official-18496363,no,,,,,0.9970171650777495,,,,,,,,,,,
nli_abstract_balanced90,pubmedqa-official-11867487,maybe,,,,,0.9987754467995107,,,,,,,,,,,
nli_abstract_balanced90,pubmedqa-official-24481006,yes,,,,,0.9982731790123267,,,,,,,,,,,
nli_abstract_balanced90,pubmedqa-official-12040336,no,,,,,0.998458393546086,,,,,,,,,,,
nli_abstract_balanced90,pubmedqa-official-12630042,maybe,,,,,0.9938825862800409,,,,,,,,,,,
nli_abstract_balanced90,pubmedqa-official-8165771,yes,,,,,0.9951561427505212,,,,,,,,,,,
nli_abstract_balanced90,pubmedqa-official-14631523,no,,,,,0.5012618182974214,,,,,,,,,,,
nli_abstract_balanced90,pubmedqa-official-19468282,maybe,,,,,0.832019243598308,,,,,,,,,,,
nli_abstract_balanced90,pubmedqa-official-22680064,yes,,,,,0.9981694797054198,,,,,,,,,,,
nli_abstract_balanced90,pubmedqa-official-21823940,no,,,,,0.9940184430633412,,,,,,,,,,,
nli_abstract_balanced90,pubmedqa-official-16538201,maybe,,,,,0.9931501228779454,,,,,,,,,,,
nli_abstract_balanced90,pubmedqa-official-22540518,yes,,,,,0.7127483643032317,,,,,,,,,,,
nli_abstract_balanced90,pubmedqa-official-17971187,no,,,,,0.8228103184878905,,,,,,,,,,,
nli_abstract_balanced90,pubmedqa-official-20971618,maybe,,,,,0.5563112278273742,,,,,,,,,,,
nli_abstract_balanced90,pubmedqa-official-20629769,yes,,,,,0.9927943709438218,,,,,,,,,,,
nli_abstract_balanced90,pubmedqa-official-27642458,no,,,,,0.9934190709158994,,,,,,,,,,,
nli_abstract_balanced90,pubmedqa-official-24336869,maybe,,,,,0.9969903007355583,,,,,,,,,,,
nli_abstract_balanced90,pubmedqa-official-21726930,yes,,,,,0.9945658301444251,,,,,,,,,,,
nli_abstract_balanced90,pubmedqa-official-12970636,no,,,,,0.9700403672186184,,,,,,,,,,,
nli_abstract_balanced90,pubmedqa-official-20197761,maybe,,,,,0.9975153594230867,,,,,,,,,,,
nli_abstract_balanced90,pubmedqa-official-21481154,yes,,,,,0.9977630272155942,,,,,,,,,,,
nli_abstract_balanced90,pubmedqa-official-11138995,no,,,,,0.9966046149387267,,,,,,,,,,,
nli_abstract_balanced90,pubmedqa-official-16968876,maybe,,,,,0.9992957283068975,,,,,,,,,,,
nli_abstract_balanced90,pubmedqa-official-22902073,yes,,,,,0.9915028189908048,,,,,,,,,,,
nli_abstract_balanced90,pubmedqa-official-15388567,no,,,,,0.9665627116049356,,,,,,,,,,,
nli_abstract_balanced90,pubmedqa-official-26778755,maybe,,,,,0.5130806710093627,,,,,,,,,,,
nli_abstract_balanced90,pubmedqa-official-26370095,yes,,,,,0.9982291524336645,,,,,,,,,,,
nli_abstract_balanced90,pubmedqa-official-19142546,no,,,,,0.9982424889211987,,,,,,,,,,,
nli_abstract_balanced90,pubmedqa-official-18568290,maybe,,,,,0.9904740641970358,,,,,,,,,,,
nli_abstract_balanced90,pubmedqa-official-18041059,yes,,,,,0.7415095745364038,,,,,,,,,,,
nli_abstract_balanced90,pubmedqa-official-8921484,no,,,,,0.9977006668802717,,,,,,,,,,,
nli_abstract_balanced90,pubmedqa-official-25371231,maybe,,,,,0.9972310187403021,,,,,,,,,,,
nli_abstract_balanced90,pubmedqa-official-15041506,yes,,,,,0.9983055648465913,,,,,,,,,,,
nli_abstract_balanced90,pubmedqa-official-26209118,no,,,,,0.5443600698039469,,,,,,,,,,,
nli_abstract_balanced90,pubmedqa-official-25394614,maybe,,,,,0.5094385506393846,,,,,,,,,,,
nli_abstract_balanced90,pubmedqa-official-11146778,yes,,,,,0.9898254640393136,,,,,,,,,,,
nli_abstract_balanced90,pubmedqa-official-22668852,no,,,,,0.9965800656827513,,,,,,,,,,,
nli_abstract_balanced90,pubmedqa-official-11570976,maybe,,,,,0.9985296871483654,,,,,,,,,,,
nli_abstract_balanced90,pubmedqa-official-27281318,yes,,,,,0.583216873268716,,,,,,,,,,,
nli_abstract_balanced90,pubmedqa-official-18019905,no,,,,,0.9976762269102601,,,,,,,,,,,
nli_abstract_balanced90,pubmedqa-official-16816043,maybe,,,,,0.9880359840786872,,,,,,,,,,,
nli_abstract_balanced90,pubmedqa-official-21645374,yes,,,,,0.9976257956086563,,,,,,,,,,,
nli_abstract_balanced90,pubmedqa-official-18378554,no,,,,,0.9834516481399562,,,,,,,,,,,
nli_abstract_balanced90,pubmedqa-official-12805495,maybe,,,,,0.9963091085730034,,,,,,,,,,,
nli_abstract_balanced90,pubmedqa-official-9465206,yes,,,,,0.9102252685341811,,,,,,,,,,,
nli_abstract_balanced90,pubmedqa-official-24073931,no,,,,,0.9947408585153532,,,,,,,,,,,
nli_abstract_balanced90,pubmedqa-official-25571931,maybe,,,,,0.9960250338928827,,,,,,,,,,,
nli_abstract_balanced90,pubmedqa-official-25887165,yes,,,,,0.9993136663051747,,,,,,,,,,,
nli_abstract_balanced90,pubmedqa-official-7547656,no,,,,,0.5015025787162194,,,,,,,,,,,
nli_abstract_balanced90,pubmedqa-official-19578820,maybe,,,,,0.9914174490520207,,,,,,,,,,,
nli_abstract_balanced90,pubmedqa-official-15995461,yes,,,,,0.9952403973154498,,,,,,,,,,,
nli_abstract_balanced90,pubmedqa-official-28359277,no,,,,,0.9986216309637111,,,,,,,,,,,
nli_abstract_balanced90,pubmedqa-official-18243752,maybe,,,,,0.9970495679304119,,,,,,,,,,,
nli_abstract_balanced90,pubmedqa-official-21850494,yes,,,,,0.994731129462336,,,,,,,,,,,
nli_abstract_balanced90,pubmedqa-official-18667100,no,,,,,0.9939260937039811,,,,,,,,,,,
nli_abstract_balanced90,pubmedqa-official-11458136,maybe,,,,,0.995384497901832,,,,,,,,,,,
nli_abstract_balanced90,pubmedqa-official-19106867,yes,,,,,0.9979716666175464,,,,,,,,,,,
nli_abstract_balanced90,pubmedqa-official-10781708,no,,,,,0.9960532147106822,,,,,,,,,,,
nli_abstract_balanced90,pubmedqa-official-12790890,maybe,,,,,0.9992674633504531,,,,,,,,,,,
nli_abstract_balanced90,pubmedqa-official-21342862,yes,,,,,0.9979840733066665,,,,,,,,,,,
nli_abstract_balanced90,pubmedqa-official-22522271,no,,,,,0.92485730838661,,,,,,,,,,,
nli_abstract_balanced90,pubmedqa-official-18714572,maybe,,,,,0.5063063971602562,,,,,,,,,,,
nli_abstract_balanced90,pubmedqa-official-24352924,yes,,,,,0.5022943338118053,,,,,,,,,,,
nli_abstract_balanced90,pubmedqa-official-11955750,no,,,,,0.995833177336132,,,,,,,,,,,
nli_abstract_balanced90,pubmedqa-official-25103647,maybe,,,,,0.566254695139955,,,,,,,,,,,
nli_oracle_balanced90,pubmedqa-official-12377809,yes,,,,,0.7497490231373436,,,,,,,,,,,
nli_oracle_balanced90,pubmedqa-official-24577079,no,,,,,0.998871950300886,,,,,,,,,,,
nli_oracle_balanced90,pubmedqa-official-18284441,maybe,,,,,0.7459247957878543,,,,,,,,,,,
nli_oracle_balanced90,pubmedqa-official-26163474,yes,,,,,0.7479973852779846,,,,,,,,,,,
nli_oracle_balanced90,pubmedqa-official-24669960,no,,,,,0.7352337498679758,,,,,,,,,,,
nli_oracle_balanced90,pubmedqa-official-18802997,maybe,,,,,0.7462240097045141,,,,,,,,,,,
nli_oracle_balanced90,pubmedqa-official-19100463,yes,,,,,0.9993570150140001,,,,,,,,,,,
nli_oracle_balanced90,pubmedqa-official-15502995,no,,,,,0.996997361193398,,,,,,,,,,,
nli_oracle_balanced90,pubmedqa-official-17621202,maybe,,,,,0.940457441557029,,,,,,,,,,,
nli_oracle_balanced90,pubmedqa-official-18537964,yes,,,,,0.9982022555729791,,,,,,,,,,,
nli_oracle_balanced90,pubmedqa-official-21214884,no,,,,,0.7424462211054645,,,,,,,,,,,
nli_oracle_balanced90,pubmedqa-official-11411430,maybe,,,,,0.7510911936157307,,,,,,,,,,,
nli_oracle_balanced90,pubmedqa-official-12913878,yes,,,,,0.9951580625686918,,,,,,,,,,,
nli_oracle_balanced90,pubmedqa-official-24476003,no,,,,,0.7423686452027851,,,,,,,,,,,
nli_oracle_balanced90,pubmedqa-official-26708803,maybe,,,,,0.9922853729447683,,,,,,,,,,,
nli_oracle_balanced90,pubmedqa-official-12765819,yes,,,,,0.9843092160678493,,,,,,,,,,,
nli_oracle_balanced90,pubmedqa-official-22758782,no,,,,,0.7514728567101719,,,,,,,,,,,
nli_oracle_balanced90,pubmedqa-official-25079920,maybe,,,,,0.022879000896342424,,,,,,,,,,,
nli_oracle_balanced90,pubmedqa-official-25475395,yes,,,,,0.7547587400918854,,,,,,,,,,,
nli_oracle_balanced90,pubmedqa-official-14627582,no,,,,,0.9953554434617039,,,,,,,,,,,
nli_oracle_balanced90,pubmedqa-official-25793749,maybe,,,,,0.9995290984933007,,,,,,,,,,,
nli_oracle_balanced90,pubmedqa-official-19130332,yes,,,,,0.9970930737019139,,,,,,,,,,,
nli_oracle_balanced90,pubmedqa-official-24666444,no,,,,,0.30755697772404966,,,,,,,,,,,
nli_oracle_balanced90,pubmedqa-official-19103915,maybe,,,,,0.9970944373215298,,,,,,,,,,,
nli_oracle_balanced90,pubmedqa-official-9427037,yes,,,,,0.7512399676993362,,,,,,,,,,,
nli_oracle_balanced90,pubmedqa-official-18496363,no,,,,,0.9956689569353308,,,,,,,,,,,
nli_oracle_balanced90,pubmedqa-official-11867487,maybe,,,,,0.999150461871471,,,,,,,,,,,
nli_oracle_balanced90,pubmedqa-official-24481006,yes,,,,,0.7501814477487765,,,,,,,,,,,
nli_oracle_balanced90,pubmedqa-official-12040336,no,,,,,0.9979358808082779,,,,,,,,,,,
nli_oracle_balanced90,pubmedqa-official-12630042,maybe,,,,,0.9993476517719386,,,,,,,,,,,
nli_oracle_balanced90,pubmedqa-official-8165771,yes,,,,,0.998176919460075,,,,,,,,,,,
nli_oracle_balanced90,pubmedqa-official-14631523,no,,,,,0.9962071916857108,,,,,,,,,,,
nli_oracle_balanced90,pubmedqa-official-19468282,maybe,,,,,0.7556116209306691,,,,,,,,,,,
nli_oracle_balanced90,pubmedqa-official-22680064,yes,,,,,0.7500492445800085,,,,,,,,,,,
nli_oracle_balanced90,pubmedqa-official-21823940,no,,,,,0.9986753163471027,,,,,,,,,,,
nli_oracle_balanced90,pubmedqa-official-16538201,maybe,,,,,0.7518173070700462,,,,,,,,,,,
nli_oracle_balanced90,pubmedqa-official-22540518,yes,,,,,0.747883315802292,,,,,,,,,,,
nli_oracle_balanced90,pubmedqa-official-17971187,no,,,,,0.99905980897915,,,,,,,,,,,
nli_oracle_balanced90,pubmedqa-official-20971618,maybe,,,,,0.7579453026759715,,,,,,,,,,,
nli_oracle_balanced90,pubmedqa-official-20629769,yes,,,,,0.7507184540304068,,,,,,,,,,,
nli_oracle_balanced90,pubmedqa-official-27642458,no,,,,,0.9990217797149086,,,,,,,,,,,
nli_oracle_balanced90,pubmedqa-official-24336869,maybe,,,,,0.749666798744053,,,,,,,,,,,
nli_oracle_balanced90,pubmedqa-official-21726930,yes,,,,,0.9702255251426266,,,,,,,,,,,
nli_oracle_balanced90,pubmedqa-official-12970636,no,,,,,0.7315915512536739,,,,,,,,,,,
nli_oracle_balanced90,pubmedqa-official-20197761,maybe,,,,,0.9864607391183783,,,,,,,,,,,
nli_oracle_balanced90,pubmedqa-official-21481154,yes,,,,,0.9947448383659099,,,,,,,,,,,
nli_oracle_balanced90,pubmedqa-official-11138995,no,,,,,0.9904758228902937,,,,,,,,,,,
nli_oracle_balanced90,pubmedqa-official-16968876,maybe,,,,,0.750954443441777,,,,,,,,,,,
nli_oracle_balanced90,pubmedqa-official-22902073,yes,,,,,0.989081833781057,,,,,,,,,,,
nli_oracle_balanced90,pubmedqa-official-15388567,no,,,,,0.9987079023408645,,,,,,,,,,,
nli_oracle_balanced90,pubmedqa-official-26778755,maybe,,,,,0.9988899375710016,,,,,,,,,,,
nli_oracle_balanced90,pubmedqa-official-26370095,yes,,,,,0.7436611854600494,,,,,,,,,,,
nli_oracle_balanced90,pubmedqa-official-19142546,no,,,,,0.9730787133631175,,,,,,,,,,,
nli_oracle_balanced90,pubmedqa-official-18568290,maybe,,,,,0.7520051022734113,,,,,,,,,,,
nli_oracle_balanced90,pubmedqa-official-18041059,yes,,,,,0.9856001673043251,,,,,,,,,,,
nli_oracle_balanced90,pubmedqa-official-8921484,no,,,,,0.7414436932610111,,,,,,,,,,,
nli_oracle_balanced90,pubmedqa-official-25371231,maybe,,,,,0.9941523413575665,,,,,,,,,,,
nli_oracle_balanced90,pubmedqa-official-15041506,yes,,,,,0.9378440961983143,,,,,,,,,,,
nli_oracle_balanced90,pubmedqa-official-26209118,no,,,,,0.7496721176247902,,,,,,,,,,,
nli_oracle_balanced90,pubmedqa-official-25394614,maybe,,,,,0.9863229528551205,,,,,,,,,,,
nli_oracle_balanced90,pubmedqa-official-11146778,yes,,,,,0.7470154191891246,,,,,,,,,,,
nli_oracle_balanced90,pubmedqa-official-22668852,no,,,,,0.06982233508501458,,,,,,,,,,,
nli_oracle_balanced90,pubmedqa-official-11570976,maybe,,,,,0.9993879291394463,,,,,,,,,,,
nli_oracle_balanced90,pubmedqa-official-27281318,yes,,,,,0.743481306950768,,,,,,,,,,,
nli_oracle_balanced90,pubmedqa-official-18019905,no,,,,,0.9986155764994425,,,,,,,,,,,
nli_oracle_balanced90,pubmedqa-official-16816043,maybe,,,,,0.9921488712155434,,,,,,,,,,,
nli_oracle_balanced90,pubmedqa-official-21645374,yes,,,,,0.9961575383248675,,,,,,,,,,,
nli_oracle_balanced90,pubmedqa-official-18378554,no,,,,,0.9979062758488741,,,,,,,,,,,
nli_oracle_balanced90,pubmedqa-official-12805495,maybe,,,,,0.9990567608481247,,,,,,,,,,,
nli_oracle_balanced90,pubmedqa-official-9465206,yes,,,,,0.8262046438367259,,,,,,,,,,,
nli_oracle_balanced90,pubmedqa-official-24073931,no,,,,,0.9958312657413604,,,,,,,,,,,
nli_oracle_balanced90,pubmedqa-official-25571931,maybe,,,,,0.9958368932947854,,,,,,,,,,,
nli_oracle_balanced90,pubmedqa-official-25887165,yes,,,,,0.9988766900645434,,,,,,,,,,,
nli_oracle_balanced90,pubmedqa-official-7547656,no,,,,,0.10265322522488256,,,,,,,,,,,
nli_oracle_balanced90,pubmedqa-official-19578820,maybe,,,,,0.9962242399016694,,,,,,,,,,,
nli_oracle_balanced90,pubmedqa-official-15995461,yes,,,,,0.9535746809913708,,,,,,,,,,,
nli_oracle_balanced90,pubmedqa-official-28359277,no,,,,,0.9995147114097733,,,,,,,,,,,
nli_oracle_balanced90,pubmedqa-official-18243752,maybe,,,,,0.4114793940311915,,,,,,,,,,,
nli_oracle_balanced90,pubmedqa-official-21850494,yes,,,,,0.9058626654295758,,,,,,,,,,,
nli_oracle_balanced90,pubmedqa-official-18667100,no,,,,,0.7941195952625277,,,,,,,,,,,
nli_oracle_balanced90,pubmedqa-official-11458136,maybe,,,,,0.9991140951365762,,,,,,,,,,,
nli_oracle_balanced90,pubmedqa-official-19106867,yes,,,,,0.8168351033210779,,,,,,,,,,,
nli_oracle_balanced90,pubmedqa-official-10781708,no,,,,,0.9946280670502718,,,,,,,,,,,
nli_oracle_balanced90,pubmedqa-official-12790890,maybe,,,,,0.24027907601677126,,,,,,,,,,,
nli_oracle_balanced90,pubmedqa-official-21342862,yes,,,,,0.7436465754442785,,,,,,,,,,,
nli_oracle_balanced90,pubmedqa-official-22522271,no,,,,,0.9833959327805859,,,,,,,,,,,
nli_oracle_balanced90,pubmedqa-official-18714572,maybe,,,,,0.9721796906747482,,,,,,,,,,,
nli_oracle_balanced90,pubmedqa-official-24352924,yes,,,,,0.6416948315107274,,,,,,,,,,,
nli_oracle_balanced90,pubmedqa-official-11955750,no,,,,,0.7515227298696135,,,,,,,,,,,
nli_oracle_balanced90,pubmedqa-official-25103647,maybe,,,,,0.9920143417755614,,,,,,,,,,,
