Ignoring stale evidence classifier calibration from artifacts/classifier/pubmedqa_biolinkbert_seed47/best/calibration.json.
Loaded BioLinkBERT classifier: artifacts/classifier/pubmedqa_biolinkbert_seed47/best
Ollama pool (1): http://127.0.0.1:11434
Supervisor model=qwen2.5-supervisor-14b-stage1
Supervisor url=http://127.0.0.1:11437
Debate mode=peer
Blind critic=all-rounds
Safety red flag=halt
Peer context=nl
Supervisor fail=peer-round
[1/90] PASS id=pubmedqa-official-12377809 exp=yes pred=yes bert=yes rule=llm_director r1=yes rounds=2 (198623 ms)
[2/90] PASS id=pubmedqa-official-24577079 exp=no pred=no bert=no rule=llm_director r1=no rounds=2 (199126 ms)
Agent generalist backend call failed.
Traceback (most recent call last):
  File "/raid/s203270/miniconda3/envs/llm_env/lib/python3.10/site-packages/httpx/_transports/default.py", line 101, in map_httpcore_exceptions
    yield
  File "/raid/s203270/miniconda3/envs/llm_env/lib/python3.10/site-packages/httpx/_transports/default.py", line 394, in handle_async_request
    resp = await self._pool.handle_async_request(req)
  File "/raid/s203270/miniconda3/envs/llm_env/lib/python3.10/site-packages/httpcore/_async/connection_pool.py", line 256, in handle_async_request
    raise exc from None
  File "/raid/s203270/miniconda3/envs/llm_env/lib/python3.10/site-packages/httpcore/_async/connection_pool.py", line 236, in handle_async_request
    response = await connection.handle_async_request(
  File "/raid/s203270/miniconda3/envs/llm_env/lib/python3.10/site-packages/httpcore/_async/connection.py", line 101, in handle_async_request
    raise exc
  File "/raid/s203270/miniconda3/envs/llm_env/lib/python3.10/site-packages/httpcore/_async/connection.py", line 78, in handle_async_request
    stream = await self._connect(request)
  File "/raid/s203270/miniconda3/envs/llm_env/lib/python3.10/site-packages/httpcore/_async/connection.py", line 124, in _connect
    stream = await self._network_backend.connect_tcp(**kwargs)
  File "/raid/s203270/miniconda3/envs/llm_env/lib/python3.10/site-packages/httpcore/_backends/auto.py", line 31, in connect_tcp
    return await self._backend.connect_tcp(
  File "/raid/s203270/miniconda3/envs/llm_env/lib/python3.10/site-packages/httpcore/_backends/anyio.py", line 113, in connect_tcp
    with map_exceptions(exc_map):
  File "/raid/s203270/miniconda3/envs/llm_env/lib/python3.10/contextlib.py", line 153, in __exit__
    self.gen.throw(typ, value, traceback)
  File "/raid/s203270/miniconda3/envs/llm_env/lib/python3.10/site-packages/httpcore/_exceptions.py", line 14, in map_exceptions
    raise to_exc(exc) from exc
httpcore.ConnectError: All connection attempts failed

The above exception was the direct cause of the following exception:

Traceback (most recent call last):
  File "/raid/s203270/When-Retrieval-Isn-t-the-Problem/app/providers/ollama.py", line 63, in chat
    response = await client.post("/api/chat", json=payload)
  File "/raid/s203270/miniconda3/envs/llm_env/lib/python3.10/site-packages/httpx/_client.py", line 1859, in post
    return await self.request(
  File "/raid/s203270/miniconda3/envs/llm_env/lib/python3.10/site-packages/httpx/_client.py", line 1540, in request
    return await self.send(request, auth=auth, follow_redirects=follow_redirects)
  File "/raid/s203270/miniconda3/envs/llm_env/lib/python3.10/site-packages/httpx/_client.py", line 1629, in send
    response = await self._send_handling_auth(
  File "/raid/s203270/miniconda3/envs/llm_env/lib/python3.10/site-packages/httpx/_client.py", line 1657, in _send_handling_auth
    response = await self._send_handling_redirects(
  File "/raid/s203270/miniconda3/envs/llm_env/lib/python3.10/site-packages/httpx/_client.py", line 1694, in _send_handling_redirects
    response = await self._send_single_request(request)
  File "/raid/s203270/miniconda3/envs/llm_env/lib/python3.10/site-packages/httpx/_client.py", line 1730, in _send_single_request
    response = await transport.handle_async_request(request)
  File "/raid/s203270/miniconda3/envs/llm_env/lib/python3.10/site-packages/httpx/_transports/default.py", line 393, in handle_async_request
    with map_httpcore_exceptions():
  File "/raid/s203270/miniconda3/envs/llm_env/lib/python3.10/contextlib.py", line 153, in __exit__
    self.gen.throw(typ, value, traceback)
  File "/raid/s203270/miniconda3/envs/llm_env/lib/python3.10/site-packages/httpx/_transports/default.py", line 118, in map_httpcore_exceptions
    raise mapped_exc(message) from exc
httpx.ConnectError: All connection attempts failed

The above exception was the direct cause of the following exception:

Traceback (most recent call last):
  File "/raid/s203270/When-Retrieval-Isn-t-the-Problem/app/agents/backends.py", line 253, in complete
    response = await self._provider.chat(
  File "/raid/s203270/When-Retrieval-Isn-t-the-Problem/app/providers/ollama.py", line 66, in chat
    raise ProviderUnavailableError(
app.providers.base.ProviderUnavailableError: Cannot connect to Ollama at http://127.0.0.1:11434 (connection refused). Is `ollama serve` running and bound to this address? Check with `curl http://127.0.0.1:11434/api/tags`.

The above exception was the direct cause of the following exception:

Traceback (most recent call last):
  File "/raid/s203270/When-Retrieval-Isn-t-the-Problem/app/agents/agent.py", line 141, in _complete_or_none
    content = await self.backend.complete(messages, temperature=temperature)
  File "/raid/s203270/When-Retrieval-Isn-t-the-Problem/app/agents/backends.py", line 266, in complete
    raise RuntimeError(
RuntimeError: Ollama complete failed after 3 attempt(s): Cannot connect to Ollama at http://127.0.0.1:11434 (connection refused). Is `ollama serve` running and bound to this address? Check with `curl http://127.0.0.1:11434/api/tags`.
Agent generalist received empty model response.
Agent evidence_skeptic backend call failed.
Traceback (most recent call last):
  File "/raid/s203270/miniconda3/envs/llm_env/lib/python3.10/site-packages/httpx/_transports/default.py", line 101, in map_httpcore_exceptions
    yield
  File "/raid/s203270/miniconda3/envs/llm_env/lib/python3.10/site-packages/httpx/_transports/default.py", line 394, in handle_async_request
    resp = await self._pool.handle_async_request(req)
  File "/raid/s203270/miniconda3/envs/llm_env/lib/python3.10/site-packages/httpcore/_async/connection_pool.py", line 256, in handle_async_request
    raise exc from None
  File "/raid/s203270/miniconda3/envs/llm_env/lib/python3.10/site-packages/httpcore/_async/connection_pool.py", line 236, in handle_async_request
    response = await connection.handle_async_request(
  File "/raid/s203270/miniconda3/envs/llm_env/lib/python3.10/site-packages/httpcore/_async/connection.py", line 101, in handle_async_request
    raise exc
  File "/raid/s203270/miniconda3/envs/llm_env/lib/python3.10/site-packages/httpcore/_async/connection.py", line 78, in handle_async_request
    stream = await self._connect(request)
  File "/raid/s203270/miniconda3/envs/llm_env/lib/python3.10/site-packages/httpcore/_async/connection.py", line 124, in _connect
    stream = await self._network_backend.connect_tcp(**kwargs)
  File "/raid/s203270/miniconda3/envs/llm_env/lib/python3.10/site-packages/httpcore/_backends/auto.py", line 31, in connect_tcp
    return await self._backend.connect_tcp(
  File "/raid/s203270/miniconda3/envs/llm_env/lib/python3.10/site-packages/httpcore/_backends/anyio.py", line 113, in connect_tcp
    with map_exceptions(exc_map):
  File "/raid/s203270/miniconda3/envs/llm_env/lib/python3.10/contextlib.py", line 153, in __exit__
    self.gen.throw(typ, value, traceback)
  File "/raid/s203270/miniconda3/envs/llm_env/lib/python3.10/site-packages/httpcore/_exceptions.py", line 14, in map_exceptions
    raise to_exc(exc) from exc
httpcore.ConnectError: All connection attempts failed

The above exception was the direct cause of the following exception:

Traceback (most recent call last):
  File "/raid/s203270/When-Retrieval-Isn-t-the-Problem/app/providers/ollama.py", line 63, in chat
    response = await client.post("/api/chat", json=payload)
  File "/raid/s203270/miniconda3/envs/llm_env/lib/python3.10/site-packages/httpx/_client.py", line 1859, in post
    return await self.request(
  File "/raid/s203270/miniconda3/envs/llm_env/lib/python3.10/site-packages/httpx/_client.py", line 1540, in request
    return await self.send(request, auth=auth, follow_redirects=follow_redirects)
  File "/raid/s203270/miniconda3/envs/llm_env/lib/python3.10/site-packages/httpx/_client.py", line 1629, in send
    response = await self._send_handling_auth(
  File "/raid/s203270/miniconda3/envs/llm_env/lib/python3.10/site-packages/httpx/_client.py", line 1657, in _send_handling_auth
    response = await self._send_handling_redirects(
  File "/raid/s203270/miniconda3/envs/llm_env/lib/python3.10/site-packages/httpx/_client.py", line 1694, in _send_handling_redirects
    response = await self._send_single_request(request)
  File "/raid/s203270/miniconda3/envs/llm_env/lib/python3.10/site-packages/httpx/_client.py", line 1730, in _send_single_request
    response = await transport.handle_async_request(request)
  File "/raid/s203270/miniconda3/envs/llm_env/lib/python3.10/site-packages/httpx/_transports/default.py", line 393, in handle_async_request
    with map_httpcore_exceptions():
  File "/raid/s203270/miniconda3/envs/llm_env/lib/python3.10/contextlib.py", line 153, in __exit__
    self.gen.throw(typ, value, traceback)
  File "/raid/s203270/miniconda3/envs/llm_env/lib/python3.10/site-packages/httpx/_transports/default.py", line 118, in map_httpcore_exceptions
    raise mapped_exc(message) from exc
httpx.ConnectError: All connection attempts failed

The above exception was the direct cause of the following exception:

Traceback (most recent call last):
  File "/raid/s203270/When-Retrieval-Isn-t-the-Problem/app/agents/backends.py", line 253, in complete
    response = await self._provider.chat(
  File "/raid/s203270/When-Retrieval-Isn-t-the-Problem/app/providers/ollama.py", line 66, in chat
    raise ProviderUnavailableError(
app.providers.base.ProviderUnavailableError: Cannot connect to Ollama at http://127.0.0.1:11434 (connection refused). Is `ollama serve` running and bound to this address? Check with `curl http://127.0.0.1:11434/api/tags`.

The above exception was the direct cause of the following exception:

Traceback (most recent call last):
  File "/raid/s203270/When-Retrieval-Isn-t-the-Problem/app/agents/agent.py", line 141, in _complete_or_none
    content = await self.backend.complete(messages, temperature=temperature)
  File "/raid/s203270/When-Retrieval-Isn-t-the-Problem/app/agents/backends.py", line 266, in complete
    raise RuntimeError(
RuntimeError: Ollama complete failed after 3 attempt(s): Cannot connect to Ollama at http://127.0.0.1:11434 (connection refused). Is `ollama serve` running and bound to this address? Check with `curl http://127.0.0.1:11434/api/tags`.
Agent evidence_skeptic received empty model response.
Agent generalist backend call failed.
Traceback (most recent call last):
  File "/raid/s203270/miniconda3/envs/llm_env/lib/python3.10/site-packages/httpx/_transports/default.py", line 101, in map_httpcore_exceptions
    yield
  File "/raid/s203270/miniconda3/envs/llm_env/lib/python3.10/site-packages/httpx/_transports/default.py", line 394, in handle_async_request
    resp = await self._pool.handle_async_request(req)
  File "/raid/s203270/miniconda3/envs/llm_env/lib/python3.10/site-packages/httpcore/_async/connection_pool.py", line 256, in handle_async_request
    raise exc from None
  File "/raid/s203270/miniconda3/envs/llm_env/lib/python3.10/site-packages/httpcore/_async/connection_pool.py", line 236, in handle_async_request
    response = await connection.handle_async_request(
  File "/raid/s203270/miniconda3/envs/llm_env/lib/python3.10/site-packages/httpcore/_async/connection.py", line 101, in handle_async_request
    raise exc
  File "/raid/s203270/miniconda3/envs/llm_env/lib/python3.10/site-packages/httpcore/_async/connection.py", line 78, in handle_async_request
    stream = await self._connect(request)
  File "/raid/s203270/miniconda3/envs/llm_env/lib/python3.10/site-packages/httpcore/_async/connection.py", line 124, in _connect
    stream = await self._network_backend.connect_tcp(**kwargs)
  File "/raid/s203270/miniconda3/envs/llm_env/lib/python3.10/site-packages/httpcore/_backends/auto.py", line 31, in connect_tcp
    return await self._backend.connect_tcp(
  File "/raid/s203270/miniconda3/envs/llm_env/lib/python3.10/site-packages/httpcore/_backends/anyio.py", line 113, in connect_tcp
    with map_exceptions(exc_map):
  File "/raid/s203270/miniconda3/envs/llm_env/lib/python3.10/contextlib.py", line 153, in __exit__
    self.gen.throw(typ, value, traceback)
  File "/raid/s203270/miniconda3/envs/llm_env/lib/python3.10/site-packages/httpcore/_exceptions.py", line 14, in map_exceptions
    raise to_exc(exc) from exc
httpcore.ConnectError: All connection attempts failed

The above exception was the direct cause of the following exception:

Traceback (most recent call last):
  File "/raid/s203270/When-Retrieval-Isn-t-the-Problem/app/providers/ollama.py", line 63, in chat
    response = await client.post("/api/chat", json=payload)
  File "/raid/s203270/miniconda3/envs/llm_env/lib/python3.10/site-packages/httpx/_client.py", line 1859, in post
    return await self.request(
  File "/raid/s203270/miniconda3/envs/llm_env/lib/python3.10/site-packages/httpx/_client.py", line 1540, in request
    return await self.send(request, auth=auth, follow_redirects=follow_redirects)
  File "/raid/s203270/miniconda3/envs/llm_env/lib/python3.10/site-packages/httpx/_client.py", line 1629, in send
    response = await self._send_handling_auth(
  File "/raid/s203270/miniconda3/envs/llm_env/lib/python3.10/site-packages/httpx/_client.py", line 1657, in _send_handling_auth
    response = await self._send_handling_redirects(
  File "/raid/s203270/miniconda3/envs/llm_env/lib/python3.10/site-packages/httpx/_client.py", line 1694, in _send_handling_redirects
    response = await self._send_single_request(request)
  File "/raid/s203270/miniconda3/envs/llm_env/lib/python3.10/site-packages/httpx/_client.py", line 1730, in _send_single_request
    response = await transport.handle_async_request(request)
  File "/raid/s203270/miniconda3/envs/llm_env/lib/python3.10/site-packages/httpx/_transports/default.py", line 393, in handle_async_request
    with map_httpcore_exceptions():
  File "/raid/s203270/miniconda3/envs/llm_env/lib/python3.10/contextlib.py", line 153, in __exit__
    self.gen.throw(typ, value, traceback)
  File "/raid/s203270/miniconda3/envs/llm_env/lib/python3.10/site-packages/httpx/_transports/default.py", line 118, in map_httpcore_exceptions
    raise mapped_exc(message) from exc
httpx.ConnectError: All connection attempts failed

The above exception was the direct cause of the following exception:

Traceback (most recent call last):
  File "/raid/s203270/When-Retrieval-Isn-t-the-Problem/app/agents/backends.py", line 253, in complete
    response = await self._provider.chat(
  File "/raid/s203270/When-Retrieval-Isn-t-the-Problem/app/providers/ollama.py", line 66, in chat
    raise ProviderUnavailableError(
app.providers.base.ProviderUnavailableError: Cannot connect to Ollama at http://127.0.0.1:11434 (connection refused). Is `ollama serve` running and bound to this address? Check with `curl http://127.0.0.1:11434/api/tags`.

The above exception was the direct cause of the following exception:

Traceback (most recent call last):
  File "/raid/s203270/When-Retrieval-Isn-t-the-Problem/app/agents/agent.py", line 141, in _complete_or_none
    content = await self.backend.complete(messages, temperature=temperature)
  File "/raid/s203270/When-Retrieval-Isn-t-the-Problem/app/agents/backends.py", line 266, in complete
    raise RuntimeError(
RuntimeError: Ollama complete failed after 3 attempt(s): Cannot connect to Ollama at http://127.0.0.1:11434 (connection refused). Is `ollama serve` running and bound to this address? Check with `curl http://127.0.0.1:11434/api/tags`.
Agent generalist received empty model response.
Agent evidence_skeptic backend call failed.
Traceback (most recent call last):
  File "/raid/s203270/miniconda3/envs/llm_env/lib/python3.10/site-packages/httpx/_transports/default.py", line 101, in map_httpcore_exceptions
    yield
  File "/raid/s203270/miniconda3/envs/llm_env/lib/python3.10/site-packages/httpx/_transports/default.py", line 394, in handle_async_request
    resp = await self._pool.handle_async_request(req)
  File "/raid/s203270/miniconda3/envs/llm_env/lib/python3.10/site-packages/httpcore/_async/connection_pool.py", line 256, in handle_async_request
    raise exc from None
  File "/raid/s203270/miniconda3/envs/llm_env/lib/python3.10/site-packages/httpcore/_async/connection_pool.py", line 236, in handle_async_request
    response = await connection.handle_async_request(
  File "/raid/s203270/miniconda3/envs/llm_env/lib/python3.10/site-packages/httpcore/_async/connection.py", line 101, in handle_async_request
    raise exc
  File "/raid/s203270/miniconda3/envs/llm_env/lib/python3.10/site-packages/httpcore/_async/connection.py", line 78, in handle_async_request
    stream = await self._connect(request)
  File "/raid/s203270/miniconda3/envs/llm_env/lib/python3.10/site-packages/httpcore/_async/connection.py", line 124, in _connect
    stream = await self._network_backend.connect_tcp(**kwargs)
  File "/raid/s203270/miniconda3/envs/llm_env/lib/python3.10/site-packages/httpcore/_backends/auto.py", line 31, in connect_tcp
    return await self._backend.connect_tcp(
  File "/raid/s203270/miniconda3/envs/llm_env/lib/python3.10/site-packages/httpcore/_backends/anyio.py", line 113, in connect_tcp
    with map_exceptions(exc_map):
  File "/raid/s203270/miniconda3/envs/llm_env/lib/python3.10/contextlib.py", line 153, in __exit__
    self.gen.throw(typ, value, traceback)
  File "/raid/s203270/miniconda3/envs/llm_env/lib/python3.10/site-packages/httpcore/_exceptions.py", line 14, in map_exceptions
    raise to_exc(exc) from exc
httpcore.ConnectError: All connection attempts failed

The above exception was the direct cause of the following exception:

Traceback (most recent call last):
  File "/raid/s203270/When-Retrieval-Isn-t-the-Problem/app/providers/ollama.py", line 63, in chat
    response = await client.post("/api/chat", json=payload)
  File "/raid/s203270/miniconda3/envs/llm_env/lib/python3.10/site-packages/httpx/_client.py", line 1859, in post
    return await self.request(
  File "/raid/s203270/miniconda3/envs/llm_env/lib/python3.10/site-packages/httpx/_client.py", line 1540, in request
    return await self.send(request, auth=auth, follow_redirects=follow_redirects)
  File "/raid/s203270/miniconda3/envs/llm_env/lib/python3.10/site-packages/httpx/_client.py", line 1629, in send
    response = await self._send_handling_auth(
  File "/raid/s203270/miniconda3/envs/llm_env/lib/python3.10/site-packages/httpx/_client.py", line 1657, in _send_handling_auth
    response = await self._send_handling_redirects(
  File "/raid/s203270/miniconda3/envs/llm_env/lib/python3.10/site-packages/httpx/_client.py", line 1694, in _send_handling_redirects
    response = await self._send_single_request(request)
  File "/raid/s203270/miniconda3/envs/llm_env/lib/python3.10/site-packages/httpx/_client.py", line 1730, in _send_single_request
    response = await transport.handle_async_request(request)
  File "/raid/s203270/miniconda3/envs/llm_env/lib/python3.10/site-packages/httpx/_transports/default.py", line 393, in handle_async_request
    with map_httpcore_exceptions():
  File "/raid/s203270/miniconda3/envs/llm_env/lib/python3.10/contextlib.py", line 153, in __exit__
    self.gen.throw(typ, value, traceback)
  File "/raid/s203270/miniconda3/envs/llm_env/lib/python3.10/site-packages/httpx/_transports/default.py", line 118, in map_httpcore_exceptions
    raise mapped_exc(message) from exc
httpx.ConnectError: All connection attempts failed

The above exception was the direct cause of the following exception:

Traceback (most recent call last):
  File "/raid/s203270/When-Retrieval-Isn-t-the-Problem/app/agents/backends.py", line 253, in complete
    response = await self._provider.chat(
  File "/raid/s203270/When-Retrieval-Isn-t-the-Problem/app/providers/ollama.py", line 66, in chat
    raise ProviderUnavailableError(
app.providers.base.ProviderUnavailableError: Cannot connect to Ollama at http://127.0.0.1:11434 (connection refused). Is `ollama serve` running and bound to this address? Check with `curl http://127.0.0.1:11434/api/tags`.

The above exception was the direct cause of the following exception:

Traceback (most recent call last):
  File "/raid/s203270/When-Retrieval-Isn-t-the-Problem/app/agents/agent.py", line 141, in _complete_or_none
    content = await self.backend.complete(messages, temperature=temperature)
  File "/raid/s203270/When-Retrieval-Isn-t-the-Problem/app/agents/backends.py", line 266, in complete
    raise RuntimeError(
RuntimeError: Ollama complete failed after 3 attempt(s): Cannot connect to Ollama at http://127.0.0.1:11434 (connection refused). Is `ollama serve` running and bound to this address? Check with `curl http://127.0.0.1:11434/api/tags`.
Agent evidence_skeptic received empty model response.
Agent generalist backend call failed.
Traceback (most recent call last):
  File "/raid/s203270/miniconda3/envs/llm_env/lib/python3.10/site-packages/httpx/_transports/default.py", line 101, in map_httpcore_exceptions
    yield
  File "/raid/s203270/miniconda3/envs/llm_env/lib/python3.10/site-packages/httpx/_transports/default.py", line 394, in handle_async_request
    resp = await self._pool.handle_async_request(req)
  File "/raid/s203270/miniconda3/envs/llm_env/lib/python3.10/site-packages/httpcore/_async/connection_pool.py", line 256, in handle_async_request
    raise exc from None
  File "/raid/s203270/miniconda3/envs/llm_env/lib/python3.10/site-packages/httpcore/_async/connection_pool.py", line 236, in handle_async_request
    response = await connection.handle_async_request(
  File "/raid/s203270/miniconda3/envs/llm_env/lib/python3.10/site-packages/httpcore/_async/connection.py", line 101, in handle_async_request
    raise exc
  File "/raid/s203270/miniconda3/envs/llm_env/lib/python3.10/site-packages/httpcore/_async/connection.py", line 78, in handle_async_request
    stream = await self._connect(request)
  File "/raid/s203270/miniconda3/envs/llm_env/lib/python3.10/site-packages/httpcore/_async/connection.py", line 124, in _connect
    stream = await self._network_backend.connect_tcp(**kwargs)
  File "/raid/s203270/miniconda3/envs/llm_env/lib/python3.10/site-packages/httpcore/_backends/auto.py", line 31, in connect_tcp
    return await self._backend.connect_tcp(
  File "/raid/s203270/miniconda3/envs/llm_env/lib/python3.10/site-packages/httpcore/_backends/anyio.py", line 113, in connect_tcp
    with map_exceptions(exc_map):
  File "/raid/s203270/miniconda3/envs/llm_env/lib/python3.10/contextlib.py", line 153, in __exit__
    self.gen.throw(typ, value, traceback)
  File "/raid/s203270/miniconda3/envs/llm_env/lib/python3.10/site-packages/httpcore/_exceptions.py", line 14, in map_exceptions
    raise to_exc(exc) from exc
httpcore.ConnectError: All connection attempts failed

The above exception was the direct cause of the following exception:

Traceback (most recent call last):
  File "/raid/s203270/When-Retrieval-Isn-t-the-Problem/app/providers/ollama.py", line 63, in chat
    response = await client.post("/api/chat", json=payload)
  File "/raid/s203270/miniconda3/envs/llm_env/lib/python3.10/site-packages/httpx/_client.py", line 1859, in post
    return await self.request(
  File "/raid/s203270/miniconda3/envs/llm_env/lib/python3.10/site-packages/httpx/_client.py", line 1540, in request
    return await self.send(request, auth=auth, follow_redirects=follow_redirects)
  File "/raid/s203270/miniconda3/envs/llm_env/lib/python3.10/site-packages/httpx/_client.py", line 1629, in send
    response = await self._send_handling_auth(
  File "/raid/s203270/miniconda3/envs/llm_env/lib/python3.10/site-packages/httpx/_client.py", line 1657, in _send_handling_auth
    response = await self._send_handling_redirects(
  File "/raid/s203270/miniconda3/envs/llm_env/lib/python3.10/site-packages/httpx/_client.py", line 1694, in _send_handling_redirects
    response = await self._send_single_request(request)
  File "/raid/s203270/miniconda3/envs/llm_env/lib/python3.10/site-packages/httpx/_client.py", line 1730, in _send_single_request
    response = await transport.handle_async_request(request)
  File "/raid/s203270/miniconda3/envs/llm_env/lib/python3.10/site-packages/httpx/_transports/default.py", line 393, in handle_async_request
    with map_httpcore_exceptions():
  File "/raid/s203270/miniconda3/envs/llm_env/lib/python3.10/contextlib.py", line 153, in __exit__
    self.gen.throw(typ, value, traceback)
  File "/raid/s203270/miniconda3/envs/llm_env/lib/python3.10/site-packages/httpx/_transports/default.py", line 118, in map_httpcore_exceptions
    raise mapped_exc(message) from exc
httpx.ConnectError: All connection attempts failed

The above exception was the direct cause of the following exception:

Traceback (most recent call last):
  File "/raid/s203270/When-Retrieval-Isn-t-the-Problem/app/agents/backends.py", line 253, in complete
    response = await self._provider.chat(
  File "/raid/s203270/When-Retrieval-Isn-t-the-Problem/app/providers/ollama.py", line 66, in chat
    raise ProviderUnavailableError(
app.providers.base.ProviderUnavailableError: Cannot connect to Ollama at http://127.0.0.1:11434 (connection refused). Is `ollama serve` running and bound to this address? Check with `curl http://127.0.0.1:11434/api/tags`.

The above exception was the direct cause of the following exception:

Traceback (most recent call last):
  File "/raid/s203270/When-Retrieval-Isn-t-the-Problem/app/agents/agent.py", line 141, in _complete_or_none
    content = await self.backend.complete(messages, temperature=temperature)
  File "/raid/s203270/When-Retrieval-Isn-t-the-Problem/app/agents/backends.py", line 266, in complete
    raise RuntimeError(
RuntimeError: Ollama complete failed after 3 attempt(s): Cannot connect to Ollama at http://127.0.0.1:11434 (connection refused). Is `ollama serve` running and bound to this address? Check with `curl http://127.0.0.1:11434/api/tags`.
Agent generalist received empty model response on retry.
Agent evidence_skeptic backend call failed.
Traceback (most recent call last):
  File "/raid/s203270/miniconda3/envs/llm_env/lib/python3.10/site-packages/httpx/_transports/default.py", line 101, in map_httpcore_exceptions
    yield
  File "/raid/s203270/miniconda3/envs/llm_env/lib/python3.10/site-packages/httpx/_transports/default.py", line 394, in handle_async_request
    resp = await self._pool.handle_async_request(req)
  File "/raid/s203270/miniconda3/envs/llm_env/lib/python3.10/site-packages/httpcore/_async/connection_pool.py", line 256, in handle_async_request
    raise exc from None
  File "/raid/s203270/miniconda3/envs/llm_env/lib/python3.10/site-packages/httpcore/_async/connection_pool.py", line 236, in handle_async_request
    response = await connection.handle_async_request(
  File "/raid/s203270/miniconda3/envs/llm_env/lib/python3.10/site-packages/httpcore/_async/connection.py", line 101, in handle_async_request
    raise exc
  File "/raid/s203270/miniconda3/envs/llm_env/lib/python3.10/site-packages/httpcore/_async/connection.py", line 78, in handle_async_request
    stream = await self._connect(request)
  File "/raid/s203270/miniconda3/envs/llm_env/lib/python3.10/site-packages/httpcore/_async/connection.py", line 124, in _connect
    stream = await self._network_backend.connect_tcp(**kwargs)
  File "/raid/s203270/miniconda3/envs/llm_env/lib/python3.10/site-packages/httpcore/_backends/auto.py", line 31, in connect_tcp
    return await self._backend.connect_tcp(
  File "/raid/s203270/miniconda3/envs/llm_env/lib/python3.10/site-packages/httpcore/_backends/anyio.py", line 113, in connect_tcp
    with map_exceptions(exc_map):
  File "/raid/s203270/miniconda3/envs/llm_env/lib/python3.10/contextlib.py", line 153, in __exit__
    self.gen.throw(typ, value, traceback)
  File "/raid/s203270/miniconda3/envs/llm_env/lib/python3.10/site-packages/httpcore/_exceptions.py", line 14, in map_exceptions
    raise to_exc(exc) from exc
httpcore.ConnectError: All connection attempts failed

The above exception was the direct cause of the following exception:

Traceback (most recent call last):
  File "/raid/s203270/When-Retrieval-Isn-t-the-Problem/app/providers/ollama.py", line 63, in chat
    response = await client.post("/api/chat", json=payload)
  File "/raid/s203270/miniconda3/envs/llm_env/lib/python3.10/site-packages/httpx/_client.py", line 1859, in post
    return await self.request(
  File "/raid/s203270/miniconda3/envs/llm_env/lib/python3.10/site-packages/httpx/_client.py", line 1540, in request
    return await self.send(request, auth=auth, follow_redirects=follow_redirects)
  File "/raid/s203270/miniconda3/envs/llm_env/lib/python3.10/site-packages/httpx/_client.py", line 1629, in send
    response = await self._send_handling_auth(
  File "/raid/s203270/miniconda3/envs/llm_env/lib/python3.10/site-packages/httpx/_client.py", line 1657, in _send_handling_auth
    response = await self._send_handling_redirects(
  File "/raid/s203270/miniconda3/envs/llm_env/lib/python3.10/site-packages/httpx/_client.py", line 1694, in _send_handling_redirects
    response = await self._send_single_request(request)
  File "/raid/s203270/miniconda3/envs/llm_env/lib/python3.10/site-packages/httpx/_client.py", line 1730, in _send_single_request
    response = await transport.handle_async_request(request)
  File "/raid/s203270/miniconda3/envs/llm_env/lib/python3.10/site-packages/httpx/_transports/default.py", line 393, in handle_async_request
    with map_httpcore_exceptions():
  File "/raid/s203270/miniconda3/envs/llm_env/lib/python3.10/contextlib.py", line 153, in __exit__
    self.gen.throw(typ, value, traceback)
  File "/raid/s203270/miniconda3/envs/llm_env/lib/python3.10/site-packages/httpx/_transports/default.py", line 118, in map_httpcore_exceptions
    raise mapped_exc(message) from exc
httpx.ConnectError: All connection attempts failed

The above exception was the direct cause of the following exception:

Traceback (most recent call last):
  File "/raid/s203270/When-Retrieval-Isn-t-the-Problem/app/agents/backends.py", line 253, in complete
    response = await self._provider.chat(
  File "/raid/s203270/When-Retrieval-Isn-t-the-Problem/app/providers/ollama.py", line 66, in chat
    raise ProviderUnavailableError(
app.providers.base.ProviderUnavailableError: Cannot connect to Ollama at http://127.0.0.1:11434 (connection refused). Is `ollama serve` running and bound to this address? Check with `curl http://127.0.0.1:11434/api/tags`.

The above exception was the direct cause of the following exception:

Traceback (most recent call last):
  File "/raid/s203270/When-Retrieval-Isn-t-the-Problem/app/agents/agent.py", line 141, in _complete_or_none
    content = await self.backend.complete(messages, temperature=temperature)
  File "/raid/s203270/When-Retrieval-Isn-t-the-Problem/app/agents/backends.py", line 266, in complete
    raise RuntimeError(
RuntimeError: Ollama complete failed after 3 attempt(s): Cannot connect to Ollama at http://127.0.0.1:11434 (connection refused). Is `ollama serve` running and bound to this address? Check with `curl http://127.0.0.1:11434/api/tags`.
Agent evidence_skeptic received empty model response on retry.
Agent generalist backend call failed.
Traceback (most recent call last):
  File "/raid/s203270/miniconda3/envs/llm_env/lib/python3.10/site-packages/httpx/_transports/default.py", line 101, in map_httpcore_exceptions
    yield
  File "/raid/s203270/miniconda3/envs/llm_env/lib/python3.10/site-packages/httpx/_transports/default.py", line 394, in handle_async_request
    resp = await self._pool.handle_async_request(req)
  File "/raid/s203270/miniconda3/envs/llm_env/lib/python3.10/site-packages/httpcore/_async/connection_pool.py", line 256, in handle_async_request
    raise exc from None
  File "/raid/s203270/miniconda3/envs/llm_env/lib/python3.10/site-packages/httpcore/_async/connection_pool.py", line 236, in handle_async_request
    response = await connection.handle_async_request(
  File "/raid/s203270/miniconda3/envs/llm_env/lib/python3.10/site-packages/httpcore/_async/connection.py", line 101, in handle_async_request
    raise exc
  File "/raid/s203270/miniconda3/envs/llm_env/lib/python3.10/site-packages/httpcore/_async/connection.py", line 78, in handle_async_request
    stream = await self._connect(request)
  File "/raid/s203270/miniconda3/envs/llm_env/lib/python3.10/site-packages/httpcore/_async/connection.py", line 124, in _connect
    stream = await self._network_backend.connect_tcp(**kwargs)
  File "/raid/s203270/miniconda3/envs/llm_env/lib/python3.10/site-packages/httpcore/_backends/auto.py", line 31, in connect_tcp
    return await self._backend.connect_tcp(
  File "/raid/s203270/miniconda3/envs/llm_env/lib/python3.10/site-packages/httpcore/_backends/anyio.py", line 113, in connect_tcp
    with map_exceptions(exc_map):
  File "/raid/s203270/miniconda3/envs/llm_env/lib/python3.10/contextlib.py", line 153, in __exit__
    self.gen.throw(typ, value, traceback)
  File "/raid/s203270/miniconda3/envs/llm_env/lib/python3.10/site-packages/httpcore/_exceptions.py", line 14, in map_exceptions
    raise to_exc(exc) from exc
httpcore.ConnectError: All connection attempts failed

The above exception was the direct cause of the following exception:

Traceback (most recent call last):
  File "/raid/s203270/When-Retrieval-Isn-t-the-Problem/app/providers/ollama.py", line 63, in chat
    response = await client.post("/api/chat", json=payload)
  File "/raid/s203270/miniconda3/envs/llm_env/lib/python3.10/site-packages/httpx/_client.py", line 1859, in post
    return await self.request(
  File "/raid/s203270/miniconda3/envs/llm_env/lib/python3.10/site-packages/httpx/_client.py", line 1540, in request
    return await self.send(request, auth=auth, follow_redirects=follow_redirects)
  File "/raid/s203270/miniconda3/envs/llm_env/lib/python3.10/site-packages/httpx/_client.py", line 1629, in send
    response = await self._send_handling_auth(
  File "/raid/s203270/miniconda3/envs/llm_env/lib/python3.10/site-packages/httpx/_client.py", line 1657, in _send_handling_auth
    response = await self._send_handling_redirects(
  File "/raid/s203270/miniconda3/envs/llm_env/lib/python3.10/site-packages/httpx/_client.py", line 1694, in _send_handling_redirects
    response = await self._send_single_request(request)
  File "/raid/s203270/miniconda3/envs/llm_env/lib/python3.10/site-packages/httpx/_client.py", line 1730, in _send_single_request
    response = await transport.handle_async_request(request)
  File "/raid/s203270/miniconda3/envs/llm_env/lib/python3.10/site-packages/httpx/_transports/default.py", line 393, in handle_async_request
    with map_httpcore_exceptions():
  File "/raid/s203270/miniconda3/envs/llm_env/lib/python3.10/contextlib.py", line 153, in __exit__
    self.gen.throw(typ, value, traceback)
  File "/raid/s203270/miniconda3/envs/llm_env/lib/python3.10/site-packages/httpx/_transports/default.py", line 118, in map_httpcore_exceptions
    raise mapped_exc(message) from exc
httpx.ConnectError: All connection attempts failed

The above exception was the direct cause of the following exception:

Traceback (most recent call last):
  File "/raid/s203270/When-Retrieval-Isn-t-the-Problem/app/agents/backends.py", line 253, in complete
    response = await self._provider.chat(
  File "/raid/s203270/When-Retrieval-Isn-t-the-Problem/app/providers/ollama.py", line 66, in chat
    raise ProviderUnavailableError(
app.providers.base.ProviderUnavailableError: Cannot connect to Ollama at http://127.0.0.1:11434 (connection refused). Is `ollama serve` running and bound to this address? Check with `curl http://127.0.0.1:11434/api/tags`.

The above exception was the direct cause of the following exception:

Traceback (most recent call last):
  File "/raid/s203270/When-Retrieval-Isn-t-the-Problem/app/agents/agent.py", line 141, in _complete_or_none
    content = await self.backend.complete(messages, temperature=temperature)
  File "/raid/s203270/When-Retrieval-Isn-t-the-Problem/app/agents/backends.py", line 266, in complete
    raise RuntimeError(
RuntimeError: Ollama complete failed after 3 attempt(s): Cannot connect to Ollama at http://127.0.0.1:11434 (connection refused). Is `ollama serve` running and bound to this address? Check with `curl http://127.0.0.1:11434/api/tags`.
Agent generalist received empty model response on retry.
Agent evidence_skeptic backend call failed.
Traceback (most recent call last):
  File "/raid/s203270/miniconda3/envs/llm_env/lib/python3.10/site-packages/httpx/_transports/default.py", line 101, in map_httpcore_exceptions
    yield
  File "/raid/s203270/miniconda3/envs/llm_env/lib/python3.10/site-packages/httpx/_transports/default.py", line 394, in handle_async_request
    resp = await self._pool.handle_async_request(req)
  File "/raid/s203270/miniconda3/envs/llm_env/lib/python3.10/site-packages/httpcore/_async/connection_pool.py", line 256, in handle_async_request
    raise exc from None
  File "/raid/s203270/miniconda3/envs/llm_env/lib/python3.10/site-packages/httpcore/_async/connection_pool.py", line 236, in handle_async_request
    response = await connection.handle_async_request(
  File "/raid/s203270/miniconda3/envs/llm_env/lib/python3.10/site-packages/httpcore/_async/connection.py", line 101, in handle_async_request
    raise exc
  File "/raid/s203270/miniconda3/envs/llm_env/lib/python3.10/site-packages/httpcore/_async/connection.py", line 78, in handle_async_request
    stream = await self._connect(request)
  File "/raid/s203270/miniconda3/envs/llm_env/lib/python3.10/site-packages/httpcore/_async/connection.py", line 124, in _connect
    stream = await self._network_backend.connect_tcp(**kwargs)
  File "/raid/s203270/miniconda3/envs/llm_env/lib/python3.10/site-packages/httpcore/_backends/auto.py", line 31, in connect_tcp
    return await self._backend.connect_tcp(
  File "/raid/s203270/miniconda3/envs/llm_env/lib/python3.10/site-packages/httpcore/_backends/anyio.py", line 113, in connect_tcp
    with map_exceptions(exc_map):
  File "/raid/s203270/miniconda3/envs/llm_env/lib/python3.10/contextlib.py", line 153, in __exit__
    self.gen.throw(typ, value, traceback)
  File "/raid/s203270/miniconda3/envs/llm_env/lib/python3.10/site-packages/httpcore/_exceptions.py", line 14, in map_exceptions
    raise to_exc(exc) from exc
httpcore.ConnectError: All connection attempts failed

The above exception was the direct cause of the following exception:

Traceback (most recent call last):
  File "/raid/s203270/When-Retrieval-Isn-t-the-Problem/app/providers/ollama.py", line 63, in chat
    response = await client.post("/api/chat", json=payload)
  File "/raid/s203270/miniconda3/envs/llm_env/lib/python3.10/site-packages/httpx/_client.py", line 1859, in post
    return await self.request(
  File "/raid/s203270/miniconda3/envs/llm_env/lib/python3.10/site-packages/httpx/_client.py", line 1540, in request
    return await self.send(request, auth=auth, follow_redirects=follow_redirects)
  File "/raid/s203270/miniconda3/envs/llm_env/lib/python3.10/site-packages/httpx/_client.py", line 1629, in send
    response = await self._send_handling_auth(
  File "/raid/s203270/miniconda3/envs/llm_env/lib/python3.10/site-packages/httpx/_client.py", line 1657, in _send_handling_auth
    response = await self._send_handling_redirects(
  File "/raid/s203270/miniconda3/envs/llm_env/lib/python3.10/site-packages/httpx/_client.py", line 1694, in _send_handling_redirects
    response = await self._send_single_request(request)
  File "/raid/s203270/miniconda3/envs/llm_env/lib/python3.10/site-packages/httpx/_client.py", line 1730, in _send_single_request
    response = await transport.handle_async_request(request)
  File "/raid/s203270/miniconda3/envs/llm_env/lib/python3.10/site-packages/httpx/_transports/default.py", line 393, in handle_async_request
    with map_httpcore_exceptions():
  File "/raid/s203270/miniconda3/envs/llm_env/lib/python3.10/contextlib.py", line 153, in __exit__
    self.gen.throw(typ, value, traceback)
  File "/raid/s203270/miniconda3/envs/llm_env/lib/python3.10/site-packages/httpx/_transports/default.py", line 118, in map_httpcore_exceptions
    raise mapped_exc(message) from exc
httpx.ConnectError: All connection attempts failed

The above exception was the direct cause of the following exception:

Traceback (most recent call last):
  File "/raid/s203270/When-Retrieval-Isn-t-the-Problem/app/agents/backends.py", line 253, in complete
    response = await self._provider.chat(
  File "/raid/s203270/When-Retrieval-Isn-t-the-Problem/app/providers/ollama.py", line 66, in chat
    raise ProviderUnavailableError(
app.providers.base.ProviderUnavailableError: Cannot connect to Ollama at http://127.0.0.1:11434 (connection refused). Is `ollama serve` running and bound to this address? Check with `curl http://127.0.0.1:11434/api/tags`.

The above exception was the direct cause of the following exception:

Traceback (most recent call last):
  File "/raid/s203270/When-Retrieval-Isn-t-the-Problem/app/agents/agent.py", line 141, in _complete_or_none
    content = await self.backend.complete(messages, temperature=temperature)
  File "/raid/s203270/When-Retrieval-Isn-t-the-Problem/app/agents/backends.py", line 266, in complete
    raise RuntimeError(
RuntimeError: Ollama complete failed after 3 attempt(s): Cannot connect to Ollama at http://127.0.0.1:11434 (connection refused). Is `ollama serve` running and bound to this address? Check with `curl http://127.0.0.1:11434/api/tags`.
Agent evidence_skeptic received empty model response on retry.
Agent differential_expander backend call failed.
Traceback (most recent call last):
  File "/raid/s203270/miniconda3/envs/llm_env/lib/python3.10/site-packages/httpx/_transports/default.py", line 101, in map_httpcore_exceptions
    yield
  File "/raid/s203270/miniconda3/envs/llm_env/lib/python3.10/site-packages/httpx/_transports/default.py", line 394, in handle_async_request
    resp = await self._pool.handle_async_request(req)
  File "/raid/s203270/miniconda3/envs/llm_env/lib/python3.10/site-packages/httpcore/_async/connection_pool.py", line 256, in handle_async_request
    raise exc from None
  File "/raid/s203270/miniconda3/envs/llm_env/lib/python3.10/site-packages/httpcore/_async/connection_pool.py", line 236, in handle_async_request
    response = await connection.handle_async_request(
  File "/raid/s203270/miniconda3/envs/llm_env/lib/python3.10/site-packages/httpcore/_async/connection.py", line 101, in handle_async_request
    raise exc
  File "/raid/s203270/miniconda3/envs/llm_env/lib/python3.10/site-packages/httpcore/_async/connection.py", line 78, in handle_async_request
    stream = await self._connect(request)
  File "/raid/s203270/miniconda3/envs/llm_env/lib/python3.10/site-packages/httpcore/_async/connection.py", line 124, in _connect
    stream = await self._network_backend.connect_tcp(**kwargs)
  File "/raid/s203270/miniconda3/envs/llm_env/lib/python3.10/site-packages/httpcore/_backends/auto.py", line 31, in connect_tcp
    return await self._backend.connect_tcp(
  File "/raid/s203270/miniconda3/envs/llm_env/lib/python3.10/site-packages/httpcore/_backends/anyio.py", line 113, in connect_tcp
    with map_exceptions(exc_map):
  File "/raid/s203270/miniconda3/envs/llm_env/lib/python3.10/contextlib.py", line 153, in __exit__
    self.gen.throw(typ, value, traceback)
  File "/raid/s203270/miniconda3/envs/llm_env/lib/python3.10/site-packages/httpcore/_exceptions.py", line 14, in map_exceptions
    raise to_exc(exc) from exc
httpcore.ConnectError: All connection attempts failed

The above exception was the direct cause of the following exception:

Traceback (most recent call last):
  File "/raid/s203270/When-Retrieval-Isn-t-the-Problem/app/providers/ollama.py", line 63, in chat
    response = await client.post("/api/chat", json=payload)
  File "/raid/s203270/miniconda3/envs/llm_env/lib/python3.10/site-packages/httpx/_client.py", line 1859, in post
    return await self.request(
  File "/raid/s203270/miniconda3/envs/llm_env/lib/python3.10/site-packages/httpx/_client.py", line 1540, in request
    return await self.send(request, auth=auth, follow_redirects=follow_redirects)
  File "/raid/s203270/miniconda3/envs/llm_env/lib/python3.10/site-packages/httpx/_client.py", line 1629, in send
    response = await self._send_handling_auth(
  File "/raid/s203270/miniconda3/envs/llm_env/lib/python3.10/site-packages/httpx/_client.py", line 1657, in _send_handling_auth
    response = await self._send_handling_redirects(
  File "/raid/s203270/miniconda3/envs/llm_env/lib/python3.10/site-packages/httpx/_client.py", line 1694, in _send_handling_redirects
    response = await self._send_single_request(request)
  File "/raid/s203270/miniconda3/envs/llm_env/lib/python3.10/site-packages/httpx/_client.py", line 1730, in _send_single_request
    response = await transport.handle_async_request(request)
  File "/raid/s203270/miniconda3/envs/llm_env/lib/python3.10/site-packages/httpx/_transports/default.py", line 393, in handle_async_request
    with map_httpcore_exceptions():
  File "/raid/s203270/miniconda3/envs/llm_env/lib/python3.10/contextlib.py", line 153, in __exit__
    self.gen.throw(typ, value, traceback)
  File "/raid/s203270/miniconda3/envs/llm_env/lib/python3.10/site-packages/httpx/_transports/default.py", line 118, in map_httpcore_exceptions
    raise mapped_exc(message) from exc
httpx.ConnectError: All connection attempts failed

The above exception was the direct cause of the following exception:

Traceback (most recent call last):
  File "/raid/s203270/When-Retrieval-Isn-t-the-Problem/app/agents/backends.py", line 253, in complete
    response = await self._provider.chat(
  File "/raid/s203270/When-Retrieval-Isn-t-the-Problem/app/providers/ollama.py", line 66, in chat
    raise ProviderUnavailableError(
app.providers.base.ProviderUnavailableError: Cannot connect to Ollama at http://127.0.0.1:11434 (connection refused). Is `ollama serve` running and bound to this address? Check with `curl http://127.0.0.1:11434/api/tags`.

The above exception was the direct cause of the following exception:

Traceback (most recent call last):
  File "/raid/s203270/When-Retrieval-Isn-t-the-Problem/app/agents/agent.py", line 141, in _complete_or_none
    content = await self.backend.complete(messages, temperature=temperature)
  File "/raid/s203270/When-Retrieval-Isn-t-the-Problem/app/agents/backends.py", line 266, in complete
    raise RuntimeError(
RuntimeError: Ollama complete failed after 3 attempt(s): Cannot connect to Ollama at http://127.0.0.1:11434 (connection refused). Is `ollama serve` running and bound to this address? Check with `curl http://127.0.0.1:11434/api/tags`.
Agent differential_expander received empty model response.
Agent relevance_checker backend call failed.
Traceback (most recent call last):
  File "/raid/s203270/miniconda3/envs/llm_env/lib/python3.10/site-packages/httpx/_transports/default.py", line 101, in map_httpcore_exceptions
    yield
  File "/raid/s203270/miniconda3/envs/llm_env/lib/python3.10/site-packages/httpx/_transports/default.py", line 394, in handle_async_request
    resp = await self._pool.handle_async_request(req)
  File "/raid/s203270/miniconda3/envs/llm_env/lib/python3.10/site-packages/httpcore/_async/connection_pool.py", line 256, in handle_async_request
    raise exc from None
  File "/raid/s203270/miniconda3/envs/llm_env/lib/python3.10/site-packages/httpcore/_async/connection_pool.py", line 236, in handle_async_request
    response = await connection.handle_async_request(
  File "/raid/s203270/miniconda3/envs/llm_env/lib/python3.10/site-packages/httpcore/_async/connection.py", line 101, in handle_async_request
    raise exc
  File "/raid/s203270/miniconda3/envs/llm_env/lib/python3.10/site-packages/httpcore/_async/connection.py", line 78, in handle_async_request
    stream = await self._connect(request)
  File "/raid/s203270/miniconda3/envs/llm_env/lib/python3.10/site-packages/httpcore/_async/connection.py", line 124, in _connect
    stream = await self._network_backend.connect_tcp(**kwargs)
  File "/raid/s203270/miniconda3/envs/llm_env/lib/python3.10/site-packages/httpcore/_backends/auto.py", line 31, in connect_tcp
    return await self._backend.connect_tcp(
  File "/raid/s203270/miniconda3/envs/llm_env/lib/python3.10/site-packages/httpcore/_backends/anyio.py", line 113, in connect_tcp
    with map_exceptions(exc_map):
  File "/raid/s203270/miniconda3/envs/llm_env/lib/python3.10/contextlib.py", line 153, in __exit__
    self.gen.throw(typ, value, traceback)
  File "/raid/s203270/miniconda3/envs/llm_env/lib/python3.10/site-packages/httpcore/_exceptions.py", line 14, in map_exceptions
    raise to_exc(exc) from exc
httpcore.ConnectError: All connection attempts failed

The above exception was the direct cause of the following exception:

Traceback (most recent call last):
  File "/raid/s203270/When-Retrieval-Isn-t-the-Problem/app/providers/ollama.py", line 63, in chat
    response = await client.post("/api/chat", json=payload)
  File "/raid/s203270/miniconda3/envs/llm_env/lib/python3.10/site-packages/httpx/_client.py", line 1859, in post
    return await self.request(
  File "/raid/s203270/miniconda3/envs/llm_env/lib/python3.10/site-packages/httpx/_client.py", line 1540, in request
    return await self.send(request, auth=auth, follow_redirects=follow_redirects)
  File "/raid/s203270/miniconda3/envs/llm_env/lib/python3.10/site-packages/httpx/_client.py", line 1629, in send
    response = await self._send_handling_auth(
  File "/raid/s203270/miniconda3/envs/llm_env/lib/python3.10/site-packages/httpx/_client.py", line 1657, in _send_handling_auth
    response = await self._send_handling_redirects(
  File "/raid/s203270/miniconda3/envs/llm_env/lib/python3.10/site-packages/httpx/_client.py", line 1694, in _send_handling_redirects
    response = await self._send_single_request(request)
  File "/raid/s203270/miniconda3/envs/llm_env/lib/python3.10/site-packages/httpx/_client.py", line 1730, in _send_single_request
    response = await transport.handle_async_request(request)
  File "/raid/s203270/miniconda3/envs/llm_env/lib/python3.10/site-packages/httpx/_transports/default.py", line 393, in handle_async_request
    with map_httpcore_exceptions():
  File "/raid/s203270/miniconda3/envs/llm_env/lib/python3.10/contextlib.py", line 153, in __exit__
    self.gen.throw(typ, value, traceback)
  File "/raid/s203270/miniconda3/envs/llm_env/lib/python3.10/site-packages/httpx/_transports/default.py", line 118, in map_httpcore_exceptions
    raise mapped_exc(message) from exc
httpx.ConnectError: All connection attempts failed

The above exception was the direct cause of the following exception:

Traceback (most recent call last):
  File "/raid/s203270/When-Retrieval-Isn-t-the-Problem/app/agents/backends.py", line 253, in complete
    response = await self._provider.chat(
  File "/raid/s203270/When-Retrieval-Isn-t-the-Problem/app/providers/ollama.py", line 66, in chat
    raise ProviderUnavailableError(
app.providers.base.ProviderUnavailableError: Cannot connect to Ollama at http://127.0.0.1:11434 (connection refused). Is `ollama serve` running and bound to this address? Check with `curl http://127.0.0.1:11434/api/tags`.

The above exception was the direct cause of the following exception:

Traceback (most recent call last):
  File "/raid/s203270/When-Retrieval-Isn-t-the-Problem/app/agents/agent.py", line 141, in _complete_or_none
    content = await self.backend.complete(messages, temperature=temperature)
  File "/raid/s203270/When-Retrieval-Isn-t-the-Problem/app/agents/backends.py", line 266, in complete
    raise RuntimeError(
RuntimeError: Ollama complete failed after 3 attempt(s): Cannot connect to Ollama at http://127.0.0.1:11434 (connection refused). Is `ollama serve` running and bound to this address? Check with `curl http://127.0.0.1:11434/api/tags`.
Agent relevance_checker received empty model response.
Agent differential_expander backend call failed.
Traceback (most recent call last):
  File "/raid/s203270/miniconda3/envs/llm_env/lib/python3.10/site-packages/httpx/_transports/default.py", line 101, in map_httpcore_exceptions
    yield
  File "/raid/s203270/miniconda3/envs/llm_env/lib/python3.10/site-packages/httpx/_transports/default.py", line 394, in handle_async_request
    resp = await self._pool.handle_async_request(req)
  File "/raid/s203270/miniconda3/envs/llm_env/lib/python3.10/site-packages/httpcore/_async/connection_pool.py", line 256, in handle_async_request
    raise exc from None
  File "/raid/s203270/miniconda3/envs/llm_env/lib/python3.10/site-packages/httpcore/_async/connection_pool.py", line 236, in handle_async_request
    response = await connection.handle_async_request(
  File "/raid/s203270/miniconda3/envs/llm_env/lib/python3.10/site-packages/httpcore/_async/connection.py", line 101, in handle_async_request
    raise exc
  File "/raid/s203270/miniconda3/envs/llm_env/lib/python3.10/site-packages/httpcore/_async/connection.py", line 78, in handle_async_request
    stream = await self._connect(request)
  File "/raid/s203270/miniconda3/envs/llm_env/lib/python3.10/site-packages/httpcore/_async/connection.py", line 124, in _connect
    stream = await self._network_backend.connect_tcp(**kwargs)
  File "/raid/s203270/miniconda3/envs/llm_env/lib/python3.10/site-packages/httpcore/_backends/auto.py", line 31, in connect_tcp
    return await self._backend.connect_tcp(
  File "/raid/s203270/miniconda3/envs/llm_env/lib/python3.10/site-packages/httpcore/_backends/anyio.py", line 113, in connect_tcp
    with map_exceptions(exc_map):
  File "/raid/s203270/miniconda3/envs/llm_env/lib/python3.10/contextlib.py", line 153, in __exit__
    self.gen.throw(typ, value, traceback)
  File "/raid/s203270/miniconda3/envs/llm_env/lib/python3.10/site-packages/httpcore/_exceptions.py", line 14, in map_exceptions
    raise to_exc(exc) from exc
httpcore.ConnectError: All connection attempts failed

The above exception was the direct cause of the following exception:

Traceback (most recent call last):
  File "/raid/s203270/When-Retrieval-Isn-t-the-Problem/app/providers/ollama.py", line 63, in chat
    response = await client.post("/api/chat", json=payload)
  File "/raid/s203270/miniconda3/envs/llm_env/lib/python3.10/site-packages/httpx/_client.py", line 1859, in post
    return await self.request(
  File "/raid/s203270/miniconda3/envs/llm_env/lib/python3.10/site-packages/httpx/_client.py", line 1540, in request
    return await self.send(request, auth=auth, follow_redirects=follow_redirects)
  File "/raid/s203270/miniconda3/envs/llm_env/lib/python3.10/site-packages/httpx/_client.py", line 1629, in send
    response = await self._send_handling_auth(
  File "/raid/s203270/miniconda3/envs/llm_env/lib/python3.10/site-packages/httpx/_client.py", line 1657, in _send_handling_auth
    response = await self._send_handling_redirects(
  File "/raid/s203270/miniconda3/envs/llm_env/lib/python3.10/site-packages/httpx/_client.py", line 1694, in _send_handling_redirects
    response = await self._send_single_request(request)
  File "/raid/s203270/miniconda3/envs/llm_env/lib/python3.10/site-packages/httpx/_client.py", line 1730, in _send_single_request
    response = await transport.handle_async_request(request)
  File "/raid/s203270/miniconda3/envs/llm_env/lib/python3.10/site-packages/httpx/_transports/default.py", line 393, in handle_async_request
    with map_httpcore_exceptions():
  File "/raid/s203270/miniconda3/envs/llm_env/lib/python3.10/contextlib.py", line 153, in __exit__
    self.gen.throw(typ, value, traceback)
  File "/raid/s203270/miniconda3/envs/llm_env/lib/python3.10/site-packages/httpx/_transports/default.py", line 118, in map_httpcore_exceptions
    raise mapped_exc(message) from exc
httpx.ConnectError: All connection attempts failed

The above exception was the direct cause of the following exception:

Traceback (most recent call last):
  File "/raid/s203270/When-Retrieval-Isn-t-the-Problem/app/agents/backends.py", line 253, in complete
    response = await self._provider.chat(
  File "/raid/s203270/When-Retrieval-Isn-t-the-Problem/app/providers/ollama.py", line 66, in chat
    raise ProviderUnavailableError(
app.providers.base.ProviderUnavailableError: Cannot connect to Ollama at http://127.0.0.1:11434 (connection refused). Is `ollama serve` running and bound to this address? Check with `curl http://127.0.0.1:11434/api/tags`.

The above exception was the direct cause of the following exception:

Traceback (most recent call last):
  File "/raid/s203270/When-Retrieval-Isn-t-the-Problem/app/agents/agent.py", line 141, in _complete_or_none
    content = await self.backend.complete(messages, temperature=temperature)
  File "/raid/s203270/When-Retrieval-Isn-t-the-Problem/app/agents/backends.py", line 266, in complete
    raise RuntimeError(
RuntimeError: Ollama complete failed after 3 attempt(s): Cannot connect to Ollama at http://127.0.0.1:11434 (connection refused). Is `ollama serve` running and bound to this address? Check with `curl http://127.0.0.1:11434/api/tags`.
Agent differential_expander received empty model response.
Agent relevance_checker backend call failed.
Traceback (most recent call last):
  File "/raid/s203270/miniconda3/envs/llm_env/lib/python3.10/site-packages/httpx/_transports/default.py", line 101, in map_httpcore_exceptions
    yield
  File "/raid/s203270/miniconda3/envs/llm_env/lib/python3.10/site-packages/httpx/_transports/default.py", line 394, in handle_async_request
    resp = await self._pool.handle_async_request(req)
  File "/raid/s203270/miniconda3/envs/llm_env/lib/python3.10/site-packages/httpcore/_async/connection_pool.py", line 256, in handle_async_request
    raise exc from None
  File "/raid/s203270/miniconda3/envs/llm_env/lib/python3.10/site-packages/httpcore/_async/connection_pool.py", line 236, in handle_async_request
    response = await connection.handle_async_request(
  File "/raid/s203270/miniconda3/envs/llm_env/lib/python3.10/site-packages/httpcore/_async/connection.py", line 101, in handle_async_request
    raise exc
  File "/raid/s203270/miniconda3/envs/llm_env/lib/python3.10/site-packages/httpcore/_async/connection.py", line 78, in handle_async_request
    stream = await self._connect(request)
  File "/raid/s203270/miniconda3/envs/llm_env/lib/python3.10/site-packages/httpcore/_async/connection.py", line 124, in _connect
    stream = await self._network_backend.connect_tcp(**kwargs)
  File "/raid/s203270/miniconda3/envs/llm_env/lib/python3.10/site-packages/httpcore/_backends/auto.py", line 31, in connect_tcp
    return await self._backend.connect_tcp(
  File "/raid/s203270/miniconda3/envs/llm_env/lib/python3.10/site-packages/httpcore/_backends/anyio.py", line 113, in connect_tcp
    with map_exceptions(exc_map):
  File "/raid/s203270/miniconda3/envs/llm_env/lib/python3.10/contextlib.py", line 153, in __exit__
    self.gen.throw(typ, value, traceback)
  File "/raid/s203270/miniconda3/envs/llm_env/lib/python3.10/site-packages/httpcore/_exceptions.py", line 14, in map_exceptions
    raise to_exc(exc) from exc
httpcore.ConnectError: All connection attempts failed

The above exception was the direct cause of the following exception:

Traceback (most recent call last):
  File "/raid/s203270/When-Retrieval-Isn-t-the-Problem/app/providers/ollama.py", line 63, in chat
    response = await client.post("/api/chat", json=payload)
  File "/raid/s203270/miniconda3/envs/llm_env/lib/python3.10/site-packages/httpx/_client.py", line 1859, in post
    return await self.request(
  File "/raid/s203270/miniconda3/envs/llm_env/lib/python3.10/site-packages/httpx/_client.py", line 1540, in request
    return await self.send(request, auth=auth, follow_redirects=follow_redirects)
  File "/raid/s203270/miniconda3/envs/llm_env/lib/python3.10/site-packages/httpx/_client.py", line 1629, in send
    response = await self._send_handling_auth(
  File "/raid/s203270/miniconda3/envs/llm_env/lib/python3.10/site-packages/httpx/_client.py", line 1657, in _send_handling_auth
    response = await self._send_handling_redirects(
  File "/raid/s203270/miniconda3/envs/llm_env/lib/python3.10/site-packages/httpx/_client.py", line 1694, in _send_handling_redirects
    response = await self._send_single_request(request)
  File "/raid/s203270/miniconda3/envs/llm_env/lib/python3.10/site-packages/httpx/_client.py", line 1730, in _send_single_request
    response = await transport.handle_async_request(request)
  File "/raid/s203270/miniconda3/envs/llm_env/lib/python3.10/site-packages/httpx/_transports/default.py", line 393, in handle_async_request
    with map_httpcore_exceptions():
  File "/raid/s203270/miniconda3/envs/llm_env/lib/python3.10/contextlib.py", line 153, in __exit__
    self.gen.throw(typ, value, traceback)
  File "/raid/s203270/miniconda3/envs/llm_env/lib/python3.10/site-packages/httpx/_transports/default.py", line 118, in map_httpcore_exceptions
    raise mapped_exc(message) from exc
httpx.ConnectError: All connection attempts failed

The above exception was the direct cause of the following exception:

Traceback (most recent call last):
  File "/raid/s203270/When-Retrieval-Isn-t-the-Problem/app/agents/backends.py", line 253, in complete
    response = await self._provider.chat(
  File "/raid/s203270/When-Retrieval-Isn-t-the-Problem/app/providers/ollama.py", line 66, in chat
    raise ProviderUnavailableError(
app.providers.base.ProviderUnavailableError: Cannot connect to Ollama at http://127.0.0.1:11434 (connection refused). Is `ollama serve` running and bound to this address? Check with `curl http://127.0.0.1:11434/api/tags`.

The above exception was the direct cause of the following exception:

Traceback (most recent call last):
  File "/raid/s203270/When-Retrieval-Isn-t-the-Problem/app/agents/agent.py", line 141, in _complete_or_none
    content = await self.backend.complete(messages, temperature=temperature)
  File "/raid/s203270/When-Retrieval-Isn-t-the-Problem/app/agents/backends.py", line 266, in complete
    raise RuntimeError(
RuntimeError: Ollama complete failed after 3 attempt(s): Cannot connect to Ollama at http://127.0.0.1:11434 (connection refused). Is `ollama serve` running and bound to this address? Check with `curl http://127.0.0.1:11434/api/tags`.
Agent relevance_checker received empty model response.
Agent differential_expander backend call failed.
Traceback (most recent call last):
  File "/raid/s203270/miniconda3/envs/llm_env/lib/python3.10/site-packages/httpx/_transports/default.py", line 101, in map_httpcore_exceptions
    yield
  File "/raid/s203270/miniconda3/envs/llm_env/lib/python3.10/site-packages/httpx/_transports/default.py", line 394, in handle_async_request
    resp = await self._pool.handle_async_request(req)
  File "/raid/s203270/miniconda3/envs/llm_env/lib/python3.10/site-packages/httpcore/_async/connection_pool.py", line 256, in handle_async_request
    raise exc from None
  File "/raid/s203270/miniconda3/envs/llm_env/lib/python3.10/site-packages/httpcore/_async/connection_pool.py", line 236, in handle_async_request
    response = await connection.handle_async_request(
  File "/raid/s203270/miniconda3/envs/llm_env/lib/python3.10/site-packages/httpcore/_async/connection.py", line 101, in handle_async_request
    raise exc
  File "/raid/s203270/miniconda3/envs/llm_env/lib/python3.10/site-packages/httpcore/_async/connection.py", line 78, in handle_async_request
    stream = await self._connect(request)
  File "/raid/s203270/miniconda3/envs/llm_env/lib/python3.10/site-packages/httpcore/_async/connection.py", line 124, in _connect
    stream = await self._network_backend.connect_tcp(**kwargs)
  File "/raid/s203270/miniconda3/envs/llm_env/lib/python3.10/site-packages/httpcore/_backends/auto.py", line 31, in connect_tcp
    return await self._backend.connect_tcp(
  File "/raid/s203270/miniconda3/envs/llm_env/lib/python3.10/site-packages/httpcore/_backends/anyio.py", line 113, in connect_tcp
    with map_exceptions(exc_map):
  File "/raid/s203270/miniconda3/envs/llm_env/lib/python3.10/contextlib.py", line 153, in __exit__
    self.gen.throw(typ, value, traceback)
  File "/raid/s203270/miniconda3/envs/llm_env/lib/python3.10/site-packages/httpcore/_exceptions.py", line 14, in map_exceptions
    raise to_exc(exc) from exc
httpcore.ConnectError: All connection attempts failed

The above exception was the direct cause of the following exception:

Traceback (most recent call last):
  File "/raid/s203270/When-Retrieval-Isn-t-the-Problem/app/providers/ollama.py", line 63, in chat
    response = await client.post("/api/chat", json=payload)
  File "/raid/s203270/miniconda3/envs/llm_env/lib/python3.10/site-packages/httpx/_client.py", line 1859, in post
    return await self.request(
  File "/raid/s203270/miniconda3/envs/llm_env/lib/python3.10/site-packages/httpx/_client.py", line 1540, in request
    return await self.send(request, auth=auth, follow_redirects=follow_redirects)
  File "/raid/s203270/miniconda3/envs/llm_env/lib/python3.10/site-packages/httpx/_client.py", line 1629, in send
    response = await self._send_handling_auth(
  File "/raid/s203270/miniconda3/envs/llm_env/lib/python3.10/site-packages/httpx/_client.py", line 1657, in _send_handling_auth
    response = await self._send_handling_redirects(
  File "/raid/s203270/miniconda3/envs/llm_env/lib/python3.10/site-packages/httpx/_client.py", line 1694, in _send_handling_redirects
    response = await self._send_single_request(request)
  File "/raid/s203270/miniconda3/envs/llm_env/lib/python3.10/site-packages/httpx/_client.py", line 1730, in _send_single_request
    response = await transport.handle_async_request(request)
  File "/raid/s203270/miniconda3/envs/llm_env/lib/python3.10/site-packages/httpx/_transports/default.py", line 393, in handle_async_request
    with map_httpcore_exceptions():
  File "/raid/s203270/miniconda3/envs/llm_env/lib/python3.10/contextlib.py", line 153, in __exit__
    self.gen.throw(typ, value, traceback)
  File "/raid/s203270/miniconda3/envs/llm_env/lib/python3.10/site-packages/httpx/_transports/default.py", line 118, in map_httpcore_exceptions
    raise mapped_exc(message) from exc
httpx.ConnectError: All connection attempts failed

The above exception was the direct cause of the following exception:

Traceback (most recent call last):
  File "/raid/s203270/When-Retrieval-Isn-t-the-Problem/app/agents/backends.py", line 253, in complete
    response = await self._provider.chat(
  File "/raid/s203270/When-Retrieval-Isn-t-the-Problem/app/providers/ollama.py", line 66, in chat
    raise ProviderUnavailableError(
app.providers.base.ProviderUnavailableError: Cannot connect to Ollama at http://127.0.0.1:11434 (connection refused). Is `ollama serve` running and bound to this address? Check with `curl http://127.0.0.1:11434/api/tags`.

The above exception was the direct cause of the following exception:

Traceback (most recent call last):
  File "/raid/s203270/When-Retrieval-Isn-t-the-Problem/app/agents/agent.py", line 141, in _complete_or_none
    content = await self.backend.complete(messages, temperature=temperature)
  File "/raid/s203270/When-Retrieval-Isn-t-the-Problem/app/agents/backends.py", line 266, in complete
    raise RuntimeError(
RuntimeError: Ollama complete failed after 3 attempt(s): Cannot connect to Ollama at http://127.0.0.1:11434 (connection refused). Is `ollama serve` running and bound to this address? Check with `curl http://127.0.0.1:11434/api/tags`.
Agent differential_expander received empty model response on retry.
Agent relevance_checker backend call failed.
Traceback (most recent call last):
  File "/raid/s203270/miniconda3/envs/llm_env/lib/python3.10/site-packages/httpx/_transports/default.py", line 101, in map_httpcore_exceptions
    yield
  File "/raid/s203270/miniconda3/envs/llm_env/lib/python3.10/site-packages/httpx/_transports/default.py", line 394, in handle_async_request
    resp = await self._pool.handle_async_request(req)
  File "/raid/s203270/miniconda3/envs/llm_env/lib/python3.10/site-packages/httpcore/_async/connection_pool.py", line 256, in handle_async_request
    raise exc from None
  File "/raid/s203270/miniconda3/envs/llm_env/lib/python3.10/site-packages/httpcore/_async/connection_pool.py", line 236, in handle_async_request
    response = await connection.handle_async_request(
  File "/raid/s203270/miniconda3/envs/llm_env/lib/python3.10/site-packages/httpcore/_async/connection.py", line 101, in handle_async_request
    raise exc
  File "/raid/s203270/miniconda3/envs/llm_env/lib/python3.10/site-packages/httpcore/_async/connection.py", line 78, in handle_async_request
    stream = await self._connect(request)
  File "/raid/s203270/miniconda3/envs/llm_env/lib/python3.10/site-packages/httpcore/_async/connection.py", line 124, in _connect
    stream = await self._network_backend.connect_tcp(**kwargs)
  File "/raid/s203270/miniconda3/envs/llm_env/lib/python3.10/site-packages/httpcore/_backends/auto.py", line 31, in connect_tcp
    return await self._backend.connect_tcp(
  File "/raid/s203270/miniconda3/envs/llm_env/lib/python3.10/site-packages/httpcore/_backends/anyio.py", line 113, in connect_tcp
    with map_exceptions(exc_map):
  File "/raid/s203270/miniconda3/envs/llm_env/lib/python3.10/contextlib.py", line 153, in __exit__
    self.gen.throw(typ, value, traceback)
  File "/raid/s203270/miniconda3/envs/llm_env/lib/python3.10/site-packages/httpcore/_exceptions.py", line 14, in map_exceptions
    raise to_exc(exc) from exc
httpcore.ConnectError: All connection attempts failed

The above exception was the direct cause of the following exception:

Traceback (most recent call last):
  File "/raid/s203270/When-Retrieval-Isn-t-the-Problem/app/providers/ollama.py", line 63, in chat
    response = await client.post("/api/chat", json=payload)
  File "/raid/s203270/miniconda3/envs/llm_env/lib/python3.10/site-packages/httpx/_client.py", line 1859, in post
    return await self.request(
  File "/raid/s203270/miniconda3/envs/llm_env/lib/python3.10/site-packages/httpx/_client.py", line 1540, in request
    return await self.send(request, auth=auth, follow_redirects=follow_redirects)
  File "/raid/s203270/miniconda3/envs/llm_env/lib/python3.10/site-packages/httpx/_client.py", line 1629, in send
    response = await self._send_handling_auth(
  File "/raid/s203270/miniconda3/envs/llm_env/lib/python3.10/site-packages/httpx/_client.py", line 1657, in _send_handling_auth
    response = await self._send_handling_redirects(
  File "/raid/s203270/miniconda3/envs/llm_env/lib/python3.10/site-packages/httpx/_client.py", line 1694, in _send_handling_redirects
    response = await self._send_single_request(request)
  File "/raid/s203270/miniconda3/envs/llm_env/lib/python3.10/site-packages/httpx/_client.py", line 1730, in _send_single_request
    response = await transport.handle_async_request(request)
  File "/raid/s203270/miniconda3/envs/llm_env/lib/python3.10/site-packages/httpx/_transports/default.py", line 393, in handle_async_request
    with map_httpcore_exceptions():
  File "/raid/s203270/miniconda3/envs/llm_env/lib/python3.10/contextlib.py", line 153, in __exit__
    self.gen.throw(typ, value, traceback)
  File "/raid/s203270/miniconda3/envs/llm_env/lib/python3.10/site-packages/httpx/_transports/default.py", line 118, in map_httpcore_exceptions
    raise mapped_exc(message) from exc
httpx.ConnectError: All connection attempts failed

The above exception was the direct cause of the following exception:

Traceback (most recent call last):
  File "/raid/s203270/When-Retrieval-Isn-t-the-Problem/app/agents/backends.py", line 253, in complete
    response = await self._provider.chat(
  File "/raid/s203270/When-Retrieval-Isn-t-the-Problem/app/providers/ollama.py", line 66, in chat
    raise ProviderUnavailableError(
app.providers.base.ProviderUnavailableError: Cannot connect to Ollama at http://127.0.0.1:11434 (connection refused). Is `ollama serve` running and bound to this address? Check with `curl http://127.0.0.1:11434/api/tags`.

The above exception was the direct cause of the following exception:

Traceback (most recent call last):
  File "/raid/s203270/When-Retrieval-Isn-t-the-Problem/app/agents/agent.py", line 141, in _complete_or_none
    content = await self.backend.complete(messages, temperature=temperature)
  File "/raid/s203270/When-Retrieval-Isn-t-the-Problem/app/agents/backends.py", line 266, in complete
    raise RuntimeError(
RuntimeError: Ollama complete failed after 3 attempt(s): Cannot connect to Ollama at http://127.0.0.1:11434 (connection refused). Is `ollama serve` running and bound to this address? Check with `curl http://127.0.0.1:11434/api/tags`.
Agent relevance_checker received empty model response on retry.
Agent differential_expander backend call failed.
Traceback (most recent call last):
  File "/raid/s203270/miniconda3/envs/llm_env/lib/python3.10/site-packages/httpx/_transports/default.py", line 101, in map_httpcore_exceptions
    yield
  File "/raid/s203270/miniconda3/envs/llm_env/lib/python3.10/site-packages/httpx/_transports/default.py", line 394, in handle_async_request
    resp = await self._pool.handle_async_request(req)
  File "/raid/s203270/miniconda3/envs/llm_env/lib/python3.10/site-packages/httpcore/_async/connection_pool.py", line 256, in handle_async_request
    raise exc from None
  File "/raid/s203270/miniconda3/envs/llm_env/lib/python3.10/site-packages/httpcore/_async/connection_pool.py", line 236, in handle_async_request
    response = await connection.handle_async_request(
  File "/raid/s203270/miniconda3/envs/llm_env/lib/python3.10/site-packages/httpcore/_async/connection.py", line 101, in handle_async_request
    raise exc
  File "/raid/s203270/miniconda3/envs/llm_env/lib/python3.10/site-packages/httpcore/_async/connection.py", line 78, in handle_async_request
    stream = await self._connect(request)
  File "/raid/s203270/miniconda3/envs/llm_env/lib/python3.10/site-packages/httpcore/_async/connection.py", line 124, in _connect
    stream = await self._network_backend.connect_tcp(**kwargs)
  File "/raid/s203270/miniconda3/envs/llm_env/lib/python3.10/site-packages/httpcore/_backends/auto.py", line 31, in connect_tcp
    return await self._backend.connect_tcp(
  File "/raid/s203270/miniconda3/envs/llm_env/lib/python3.10/site-packages/httpcore/_backends/anyio.py", line 113, in connect_tcp
    with map_exceptions(exc_map):
  File "/raid/s203270/miniconda3/envs/llm_env/lib/python3.10/contextlib.py", line 153, in __exit__
    self.gen.throw(typ, value, traceback)
  File "/raid/s203270/miniconda3/envs/llm_env/lib/python3.10/site-packages/httpcore/_exceptions.py", line 14, in map_exceptions
    raise to_exc(exc) from exc
httpcore.ConnectError: All connection attempts failed

The above exception was the direct cause of the following exception:

Traceback (most recent call last):
  File "/raid/s203270/When-Retrieval-Isn-t-the-Problem/app/providers/ollama.py", line 63, in chat
    response = await client.post("/api/chat", json=payload)
  File "/raid/s203270/miniconda3/envs/llm_env/lib/python3.10/site-packages/httpx/_client.py", line 1859, in post
    return await self.request(
  File "/raid/s203270/miniconda3/envs/llm_env/lib/python3.10/site-packages/httpx/_client.py", line 1540, in request
    return await self.send(request, auth=auth, follow_redirects=follow_redirects)
  File "/raid/s203270/miniconda3/envs/llm_env/lib/python3.10/site-packages/httpx/_client.py", line 1629, in send
    response = await self._send_handling_auth(
  File "/raid/s203270/miniconda3/envs/llm_env/lib/python3.10/site-packages/httpx/_client.py", line 1657, in _send_handling_auth
    response = await self._send_handling_redirects(
  File "/raid/s203270/miniconda3/envs/llm_env/lib/python3.10/site-packages/httpx/_client.py", line 1694, in _send_handling_redirects
    response = await self._send_single_request(request)
  File "/raid/s203270/miniconda3/envs/llm_env/lib/python3.10/site-packages/httpx/_client.py", line 1730, in _send_single_request
    response = await transport.handle_async_request(request)
  File "/raid/s203270/miniconda3/envs/llm_env/lib/python3.10/site-packages/httpx/_transports/default.py", line 393, in handle_async_request
    with map_httpcore_exceptions():
  File "/raid/s203270/miniconda3/envs/llm_env/lib/python3.10/contextlib.py", line 153, in __exit__
    self.gen.throw(typ, value, traceback)
  File "/raid/s203270/miniconda3/envs/llm_env/lib/python3.10/site-packages/httpx/_transports/default.py", line 118, in map_httpcore_exceptions
    raise mapped_exc(message) from exc
httpx.ConnectError: All connection attempts failed

The above exception was the direct cause of the following exception:

Traceback (most recent call last):
  File "/raid/s203270/When-Retrieval-Isn-t-the-Problem/app/agents/backends.py", line 253, in complete
    response = await self._provider.chat(
  File "/raid/s203270/When-Retrieval-Isn-t-the-Problem/app/providers/ollama.py", line 66, in chat
    raise ProviderUnavailableError(
app.providers.base.ProviderUnavailableError: Cannot connect to Ollama at http://127.0.0.1:11434 (connection refused). Is `ollama serve` running and bound to this address? Check with `curl http://127.0.0.1:11434/api/tags`.

The above exception was the direct cause of the following exception:

Traceback (most recent call last):
  File "/raid/s203270/When-Retrieval-Isn-t-the-Problem/app/agents/agent.py", line 141, in _complete_or_none
    content = await self.backend.complete(messages, temperature=temperature)
  File "/raid/s203270/When-Retrieval-Isn-t-the-Problem/app/agents/backends.py", line 266, in complete
    raise RuntimeError(
RuntimeError: Ollama complete failed after 3 attempt(s): Cannot connect to Ollama at http://127.0.0.1:11434 (connection refused). Is `ollama serve` running and bound to this address? Check with `curl http://127.0.0.1:11434/api/tags`.
Agent differential_expander received empty model response on retry.
Agent relevance_checker backend call failed.
Traceback (most recent call last):
  File "/raid/s203270/miniconda3/envs/llm_env/lib/python3.10/site-packages/httpx/_transports/default.py", line 101, in map_httpcore_exceptions
    yield
  File "/raid/s203270/miniconda3/envs/llm_env/lib/python3.10/site-packages/httpx/_transports/default.py", line 394, in handle_async_request
    resp = await self._pool.handle_async_request(req)
  File "/raid/s203270/miniconda3/envs/llm_env/lib/python3.10/site-packages/httpcore/_async/connection_pool.py", line 256, in handle_async_request
    raise exc from None
  File "/raid/s203270/miniconda3/envs/llm_env/lib/python3.10/site-packages/httpcore/_async/connection_pool.py", line 236, in handle_async_request
    response = await connection.handle_async_request(
  File "/raid/s203270/miniconda3/envs/llm_env/lib/python3.10/site-packages/httpcore/_async/connection.py", line 101, in handle_async_request
    raise exc
  File "/raid/s203270/miniconda3/envs/llm_env/lib/python3.10/site-packages/httpcore/_async/connection.py", line 78, in handle_async_request
    stream = await self._connect(request)
  File "/raid/s203270/miniconda3/envs/llm_env/lib/python3.10/site-packages/httpcore/_async/connection.py", line 124, in _connect
    stream = await self._network_backend.connect_tcp(**kwargs)
  File "/raid/s203270/miniconda3/envs/llm_env/lib/python3.10/site-packages/httpcore/_backends/auto.py", line 31, in connect_tcp
    return await self._backend.connect_tcp(
  File "/raid/s203270/miniconda3/envs/llm_env/lib/python3.10/site-packages/httpcore/_backends/anyio.py", line 113, in connect_tcp
    with map_exceptions(exc_map):
  File "/raid/s203270/miniconda3/envs/llm_env/lib/python3.10/contextlib.py", line 153, in __exit__
    self.gen.throw(typ, value, traceback)
  File "/raid/s203270/miniconda3/envs/llm_env/lib/python3.10/site-packages/httpcore/_exceptions.py", line 14, in map_exceptions
    raise to_exc(exc) from exc
httpcore.ConnectError: All connection attempts failed

The above exception was the direct cause of the following exception:

Traceback (most recent call last):
  File "/raid/s203270/When-Retrieval-Isn-t-the-Problem/app/providers/ollama.py", line 63, in chat
    response = await client.post("/api/chat", json=payload)
  File "/raid/s203270/miniconda3/envs/llm_env/lib/python3.10/site-packages/httpx/_client.py", line 1859, in post
    return await self.request(
  File "/raid/s203270/miniconda3/envs/llm_env/lib/python3.10/site-packages/httpx/_client.py", line 1540, in request
    return await self.send(request, auth=auth, follow_redirects=follow_redirects)
  File "/raid/s203270/miniconda3/envs/llm_env/lib/python3.10/site-packages/httpx/_client.py", line 1629, in send
    response = await self._send_handling_auth(
  File "/raid/s203270/miniconda3/envs/llm_env/lib/python3.10/site-packages/httpx/_client.py", line 1657, in _send_handling_auth
    response = await self._send_handling_redirects(
  File "/raid/s203270/miniconda3/envs/llm_env/lib/python3.10/site-packages/httpx/_client.py", line 1694, in _send_handling_redirects
    response = await self._send_single_request(request)
  File "/raid/s203270/miniconda3/envs/llm_env/lib/python3.10/site-packages/httpx/_client.py", line 1730, in _send_single_request
    response = await transport.handle_async_request(request)
  File "/raid/s203270/miniconda3/envs/llm_env/lib/python3.10/site-packages/httpx/_transports/default.py", line 393, in handle_async_request
    with map_httpcore_exceptions():
  File "/raid/s203270/miniconda3/envs/llm_env/lib/python3.10/contextlib.py", line 153, in __exit__
    self.gen.throw(typ, value, traceback)
  File "/raid/s203270/miniconda3/envs/llm_env/lib/python3.10/site-packages/httpx/_transports/default.py", line 118, in map_httpcore_exceptions
    raise mapped_exc(message) from exc
httpx.ConnectError: All connection attempts failed

The above exception was the direct cause of the following exception:

Traceback (most recent call last):
  File "/raid/s203270/When-Retrieval-Isn-t-the-Problem/app/agents/backends.py", line 253, in complete
    response = await self._provider.chat(
  File "/raid/s203270/When-Retrieval-Isn-t-the-Problem/app/providers/ollama.py", line 66, in chat
    raise ProviderUnavailableError(
app.providers.base.ProviderUnavailableError: Cannot connect to Ollama at http://127.0.0.1:11434 (connection refused). Is `ollama serve` running and bound to this address? Check with `curl http://127.0.0.1:11434/api/tags`.

The above exception was the direct cause of the following exception:

Traceback (most recent call last):
  File "/raid/s203270/When-Retrieval-Isn-t-the-Problem/app/agents/agent.py", line 141, in _complete_or_none
    content = await self.backend.complete(messages, temperature=temperature)
  File "/raid/s203270/When-Retrieval-Isn-t-the-Problem/app/agents/backends.py", line 266, in complete
    raise RuntimeError(
RuntimeError: Ollama complete failed after 3 attempt(s): Cannot connect to Ollama at http://127.0.0.1:11434 (connection refused). Is `ollama serve` running and bound to this address? Check with `curl http://127.0.0.1:11434/api/tags`.
Agent relevance_checker received empty model response on retry.
Agent data_skeptic backend call failed.
Traceback (most recent call last):
  File "/raid/s203270/miniconda3/envs/llm_env/lib/python3.10/site-packages/httpx/_transports/default.py", line 101, in map_httpcore_exceptions
    yield
  File "/raid/s203270/miniconda3/envs/llm_env/lib/python3.10/site-packages/httpx/_transports/default.py", line 394, in handle_async_request
    resp = await self._pool.handle_async_request(req)
  File "/raid/s203270/miniconda3/envs/llm_env/lib/python3.10/site-packages/httpcore/_async/connection_pool.py", line 256, in handle_async_request
    raise exc from None
  File "/raid/s203270/miniconda3/envs/llm_env/lib/python3.10/site-packages/httpcore/_async/connection_pool.py", line 236, in handle_async_request
    response = await connection.handle_async_request(
  File "/raid/s203270/miniconda3/envs/llm_env/lib/python3.10/site-packages/httpcore/_async/connection.py", line 101, in handle_async_request
    raise exc
  File "/raid/s203270/miniconda3/envs/llm_env/lib/python3.10/site-packages/httpcore/_async/connection.py", line 78, in handle_async_request
    stream = await self._connect(request)
  File "/raid/s203270/miniconda3/envs/llm_env/lib/python3.10/site-packages/httpcore/_async/connection.py", line 124, in _connect
    stream = await self._network_backend.connect_tcp(**kwargs)
  File "/raid/s203270/miniconda3/envs/llm_env/lib/python3.10/site-packages/httpcore/_backends/auto.py", line 31, in connect_tcp
    return await self._backend.connect_tcp(
  File "/raid/s203270/miniconda3/envs/llm_env/lib/python3.10/site-packages/httpcore/_backends/anyio.py", line 113, in connect_tcp
    with map_exceptions(exc_map):
  File "/raid/s203270/miniconda3/envs/llm_env/lib/python3.10/contextlib.py", line 153, in __exit__
    self.gen.throw(typ, value, traceback)
  File "/raid/s203270/miniconda3/envs/llm_env/lib/python3.10/site-packages/httpcore/_exceptions.py", line 14, in map_exceptions
    raise to_exc(exc) from exc
httpcore.ConnectError: All connection attempts failed

The above exception was the direct cause of the following exception:

Traceback (most recent call last):
  File "/raid/s203270/When-Retrieval-Isn-t-the-Problem/app/providers/ollama.py", line 63, in chat
    response = await client.post("/api/chat", json=payload)
  File "/raid/s203270/miniconda3/envs/llm_env/lib/python3.10/site-packages/httpx/_client.py", line 1859, in post
    return await self.request(
  File "/raid/s203270/miniconda3/envs/llm_env/lib/python3.10/site-packages/httpx/_client.py", line 1540, in request
    return await self.send(request, auth=auth, follow_redirects=follow_redirects)
  File "/raid/s203270/miniconda3/envs/llm_env/lib/python3.10/site-packages/httpx/_client.py", line 1629, in send
    response = await self._send_handling_auth(
  File "/raid/s203270/miniconda3/envs/llm_env/lib/python3.10/site-packages/httpx/_client.py", line 1657, in _send_handling_auth
    response = await self._send_handling_redirects(
  File "/raid/s203270/miniconda3/envs/llm_env/lib/python3.10/site-packages/httpx/_client.py", line 1694, in _send_handling_redirects
    response = await self._send_single_request(request)
  File "/raid/s203270/miniconda3/envs/llm_env/lib/python3.10/site-packages/httpx/_client.py", line 1730, in _send_single_request
    response = await transport.handle_async_request(request)
  File "/raid/s203270/miniconda3/envs/llm_env/lib/python3.10/site-packages/httpx/_transports/default.py", line 393, in handle_async_request
    with map_httpcore_exceptions():
  File "/raid/s203270/miniconda3/envs/llm_env/lib/python3.10/contextlib.py", line 153, in __exit__
    self.gen.throw(typ, value, traceback)
  File "/raid/s203270/miniconda3/envs/llm_env/lib/python3.10/site-packages/httpx/_transports/default.py", line 118, in map_httpcore_exceptions
    raise mapped_exc(message) from exc
httpx.ConnectError: All connection attempts failed

The above exception was the direct cause of the following exception:

Traceback (most recent call last):
  File "/raid/s203270/When-Retrieval-Isn-t-the-Problem/app/agents/backends.py", line 253, in complete
    response = await self._provider.chat(
  File "/raid/s203270/When-Retrieval-Isn-t-the-Problem/app/providers/ollama.py", line 66, in chat
    raise ProviderUnavailableError(
app.providers.base.ProviderUnavailableError: Cannot connect to Ollama at http://127.0.0.1:11434 (connection refused). Is `ollama serve` running and bound to this address? Check with `curl http://127.0.0.1:11434/api/tags`.

The above exception was the direct cause of the following exception:

Traceback (most recent call last):
  File "/raid/s203270/When-Retrieval-Isn-t-the-Problem/app/agents/agent.py", line 141, in _complete_or_none
    content = await self.backend.complete(messages, temperature=temperature)
  File "/raid/s203270/When-Retrieval-Isn-t-the-Problem/app/agents/backends.py", line 266, in complete
    raise RuntimeError(
RuntimeError: Ollama complete failed after 3 attempt(s): Cannot connect to Ollama at http://127.0.0.1:11434 (connection refused). Is `ollama serve` running and bound to this address? Check with `curl http://127.0.0.1:11434/api/tags`.
Agent data_skeptic received empty model response.
Agent data_skeptic backend call failed.
Traceback (most recent call last):
  File "/raid/s203270/miniconda3/envs/llm_env/lib/python3.10/site-packages/httpx/_transports/default.py", line 101, in map_httpcore_exceptions
    yield
  File "/raid/s203270/miniconda3/envs/llm_env/lib/python3.10/site-packages/httpx/_transports/default.py", line 394, in handle_async_request
    resp = await self._pool.handle_async_request(req)
  File "/raid/s203270/miniconda3/envs/llm_env/lib/python3.10/site-packages/httpcore/_async/connection_pool.py", line 256, in handle_async_request
    raise exc from None
  File "/raid/s203270/miniconda3/envs/llm_env/lib/python3.10/site-packages/httpcore/_async/connection_pool.py", line 236, in handle_async_request
    response = await connection.handle_async_request(
  File "/raid/s203270/miniconda3/envs/llm_env/lib/python3.10/site-packages/httpcore/_async/connection.py", line 101, in handle_async_request
    raise exc
  File "/raid/s203270/miniconda3/envs/llm_env/lib/python3.10/site-packages/httpcore/_async/connection.py", line 78, in handle_async_request
    stream = await self._connect(request)
  File "/raid/s203270/miniconda3/envs/llm_env/lib/python3.10/site-packages/httpcore/_async/connection.py", line 124, in _connect
    stream = await self._network_backend.connect_tcp(**kwargs)
  File "/raid/s203270/miniconda3/envs/llm_env/lib/python3.10/site-packages/httpcore/_backends/auto.py", line 31, in connect_tcp
    return await self._backend.connect_tcp(
  File "/raid/s203270/miniconda3/envs/llm_env/lib/python3.10/site-packages/httpcore/_backends/anyio.py", line 113, in connect_tcp
    with map_exceptions(exc_map):
  File "/raid/s203270/miniconda3/envs/llm_env/lib/python3.10/contextlib.py", line 153, in __exit__
    self.gen.throw(typ, value, traceback)
  File "/raid/s203270/miniconda3/envs/llm_env/lib/python3.10/site-packages/httpcore/_exceptions.py", line 14, in map_exceptions
    raise to_exc(exc) from exc
httpcore.ConnectError: All connection attempts failed

The above exception was the direct cause of the following exception:

Traceback (most recent call last):
  File "/raid/s203270/When-Retrieval-Isn-t-the-Problem/app/providers/ollama.py", line 63, in chat
    response = await client.post("/api/chat", json=payload)
  File "/raid/s203270/miniconda3/envs/llm_env/lib/python3.10/site-packages/httpx/_client.py", line 1859, in post
    return await self.request(
  File "/raid/s203270/miniconda3/envs/llm_env/lib/python3.10/site-packages/httpx/_client.py", line 1540, in request
    return await self.send(request, auth=auth, follow_redirects=follow_redirects)
  File "/raid/s203270/miniconda3/envs/llm_env/lib/python3.10/site-packages/httpx/_client.py", line 1629, in send
    response = await self._send_handling_auth(
  File "/raid/s203270/miniconda3/envs/llm_env/lib/python3.10/site-packages/httpx/_client.py", line 1657, in _send_handling_auth
    response = await self._send_handling_redirects(
  File "/raid/s203270/miniconda3/envs/llm_env/lib/python3.10/site-packages/httpx/_client.py", line 1694, in _send_handling_redirects
    response = await self._send_single_request(request)
  File "/raid/s203270/miniconda3/envs/llm_env/lib/python3.10/site-packages/httpx/_client.py", line 1730, in _send_single_request
    response = await transport.handle_async_request(request)
  File "/raid/s203270/miniconda3/envs/llm_env/lib/python3.10/site-packages/httpx/_transports/default.py", line 393, in handle_async_request
    with map_httpcore_exceptions():
  File "/raid/s203270/miniconda3/envs/llm_env/lib/python3.10/contextlib.py", line 153, in __exit__
    self.gen.throw(typ, value, traceback)
  File "/raid/s203270/miniconda3/envs/llm_env/lib/python3.10/site-packages/httpx/_transports/default.py", line 118, in map_httpcore_exceptions
    raise mapped_exc(message) from exc
httpx.ConnectError: All connection attempts failed

The above exception was the direct cause of the following exception:

Traceback (most recent call last):
  File "/raid/s203270/When-Retrieval-Isn-t-the-Problem/app/agents/backends.py", line 253, in complete
    response = await self._provider.chat(
  File "/raid/s203270/When-Retrieval-Isn-t-the-Problem/app/providers/ollama.py", line 66, in chat
    raise ProviderUnavailableError(
app.providers.base.ProviderUnavailableError: Cannot connect to Ollama at http://127.0.0.1:11434 (connection refused). Is `ollama serve` running and bound to this address? Check with `curl http://127.0.0.1:11434/api/tags`.

The above exception was the direct cause of the following exception:

Traceback (most recent call last):
  File "/raid/s203270/When-Retrieval-Isn-t-the-Problem/app/agents/agent.py", line 141, in _complete_or_none
    content = await self.backend.complete(messages, temperature=temperature)
  File "/raid/s203270/When-Retrieval-Isn-t-the-Problem/app/agents/backends.py", line 266, in complete
    raise RuntimeError(
RuntimeError: Ollama complete failed after 3 attempt(s): Cannot connect to Ollama at http://127.0.0.1:11434 (connection refused). Is `ollama serve` running and bound to this address? Check with `curl http://127.0.0.1:11434/api/tags`.
Agent data_skeptic received empty model response.
Agent data_skeptic backend call failed.
Traceback (most recent call last):
  File "/raid/s203270/miniconda3/envs/llm_env/lib/python3.10/site-packages/httpx/_transports/default.py", line 101, in map_httpcore_exceptions
    yield
  File "/raid/s203270/miniconda3/envs/llm_env/lib/python3.10/site-packages/httpx/_transports/default.py", line 394, in handle_async_request
    resp = await self._pool.handle_async_request(req)
  File "/raid/s203270/miniconda3/envs/llm_env/lib/python3.10/site-packages/httpcore/_async/connection_pool.py", line 256, in handle_async_request
    raise exc from None
  File "/raid/s203270/miniconda3/envs/llm_env/lib/python3.10/site-packages/httpcore/_async/connection_pool.py", line 236, in handle_async_request
    response = await connection.handle_async_request(
  File "/raid/s203270/miniconda3/envs/llm_env/lib/python3.10/site-packages/httpcore/_async/connection.py", line 101, in handle_async_request
    raise exc
  File "/raid/s203270/miniconda3/envs/llm_env/lib/python3.10/site-packages/httpcore/_async/connection.py", line 78, in handle_async_request
    stream = await self._connect(request)
  File "/raid/s203270/miniconda3/envs/llm_env/lib/python3.10/site-packages/httpcore/_async/connection.py", line 124, in _connect
    stream = await self._network_backend.connect_tcp(**kwargs)
  File "/raid/s203270/miniconda3/envs/llm_env/lib/python3.10/site-packages/httpcore/_backends/auto.py", line 31, in connect_tcp
    return await self._backend.connect_tcp(
  File "/raid/s203270/miniconda3/envs/llm_env/lib/python3.10/site-packages/httpcore/_backends/anyio.py", line 113, in connect_tcp
    with map_exceptions(exc_map):
  File "/raid/s203270/miniconda3/envs/llm_env/lib/python3.10/contextlib.py", line 153, in __exit__
    self.gen.throw(typ, value, traceback)
  File "/raid/s203270/miniconda3/envs/llm_env/lib/python3.10/site-packages/httpcore/_exceptions.py", line 14, in map_exceptions
    raise to_exc(exc) from exc
httpcore.ConnectError: All connection attempts failed

The above exception was the direct cause of the following exception:

Traceback (most recent call last):
  File "/raid/s203270/When-Retrieval-Isn-t-the-Problem/app/providers/ollama.py", line 63, in chat
    response = await client.post("/api/chat", json=payload)
  File "/raid/s203270/miniconda3/envs/llm_env/lib/python3.10/site-packages/httpx/_client.py", line 1859, in post
    return await self.request(
  File "/raid/s203270/miniconda3/envs/llm_env/lib/python3.10/site-packages/httpx/_client.py", line 1540, in request
    return await self.send(request, auth=auth, follow_redirects=follow_redirects)
  File "/raid/s203270/miniconda3/envs/llm_env/lib/python3.10/site-packages/httpx/_client.py", line 1629, in send
    response = await self._send_handling_auth(
  File "/raid/s203270/miniconda3/envs/llm_env/lib/python3.10/site-packages/httpx/_client.py", line 1657, in _send_handling_auth
    response = await self._send_handling_redirects(
  File "/raid/s203270/miniconda3/envs/llm_env/lib/python3.10/site-packages/httpx/_client.py", line 1694, in _send_handling_redirects
    response = await self._send_single_request(request)
  File "/raid/s203270/miniconda3/envs/llm_env/lib/python3.10/site-packages/httpx/_client.py", line 1730, in _send_single_request
    response = await transport.handle_async_request(request)
  File "/raid/s203270/miniconda3/envs/llm_env/lib/python3.10/site-packages/httpx/_transports/default.py", line 393, in handle_async_request
    with map_httpcore_exceptions():
  File "/raid/s203270/miniconda3/envs/llm_env/lib/python3.10/contextlib.py", line 153, in __exit__
    self.gen.throw(typ, value, traceback)
  File "/raid/s203270/miniconda3/envs/llm_env/lib/python3.10/site-packages/httpx/_transports/default.py", line 118, in map_httpcore_exceptions
    raise mapped_exc(message) from exc
httpx.ConnectError: All connection attempts failed

The above exception was the direct cause of the following exception:

Traceback (most recent call last):
  File "/raid/s203270/When-Retrieval-Isn-t-the-Problem/app/agents/backends.py", line 253, in complete
    response = await self._provider.chat(
  File "/raid/s203270/When-Retrieval-Isn-t-the-Problem/app/providers/ollama.py", line 66, in chat
    raise ProviderUnavailableError(
app.providers.base.ProviderUnavailableError: Cannot connect to Ollama at http://127.0.0.1:11434 (connection refused). Is `ollama serve` running and bound to this address? Check with `curl http://127.0.0.1:11434/api/tags`.

The above exception was the direct cause of the following exception:

Traceback (most recent call last):
  File "/raid/s203270/When-Retrieval-Isn-t-the-Problem/app/agents/agent.py", line 141, in _complete_or_none
    content = await self.backend.complete(messages, temperature=temperature)
  File "/raid/s203270/When-Retrieval-Isn-t-the-Problem/app/agents/backends.py", line 266, in complete
    raise RuntimeError(
RuntimeError: Ollama complete failed after 3 attempt(s): Cannot connect to Ollama at http://127.0.0.1:11434 (connection refused). Is `ollama serve` running and bound to this address? Check with `curl http://127.0.0.1:11434/api/tags`.
Agent data_skeptic received empty model response on retry.
Agent data_skeptic backend call failed.
Traceback (most recent call last):
  File "/raid/s203270/miniconda3/envs/llm_env/lib/python3.10/site-packages/httpx/_transports/default.py", line 101, in map_httpcore_exceptions
    yield
  File "/raid/s203270/miniconda3/envs/llm_env/lib/python3.10/site-packages/httpx/_transports/default.py", line 394, in handle_async_request
    resp = await self._pool.handle_async_request(req)
  File "/raid/s203270/miniconda3/envs/llm_env/lib/python3.10/site-packages/httpcore/_async/connection_pool.py", line 256, in handle_async_request
    raise exc from None
  File "/raid/s203270/miniconda3/envs/llm_env/lib/python3.10/site-packages/httpcore/_async/connection_pool.py", line 236, in handle_async_request
    response = await connection.handle_async_request(
  File "/raid/s203270/miniconda3/envs/llm_env/lib/python3.10/site-packages/httpcore/_async/connection.py", line 101, in handle_async_request
    raise exc
  File "/raid/s203270/miniconda3/envs/llm_env/lib/python3.10/site-packages/httpcore/_async/connection.py", line 78, in handle_async_request
    stream = await self._connect(request)
  File "/raid/s203270/miniconda3/envs/llm_env/lib/python3.10/site-packages/httpcore/_async/connection.py", line 124, in _connect
    stream = await self._network_backend.connect_tcp(**kwargs)
  File "/raid/s203270/miniconda3/envs/llm_env/lib/python3.10/site-packages/httpcore/_backends/auto.py", line 31, in connect_tcp
    return await self._backend.connect_tcp(
  File "/raid/s203270/miniconda3/envs/llm_env/lib/python3.10/site-packages/httpcore/_backends/anyio.py", line 113, in connect_tcp
    with map_exceptions(exc_map):
  File "/raid/s203270/miniconda3/envs/llm_env/lib/python3.10/contextlib.py", line 153, in __exit__
    self.gen.throw(typ, value, traceback)
  File "/raid/s203270/miniconda3/envs/llm_env/lib/python3.10/site-packages/httpcore/_exceptions.py", line 14, in map_exceptions
    raise to_exc(exc) from exc
httpcore.ConnectError: All connection attempts failed

The above exception was the direct cause of the following exception:

Traceback (most recent call last):
  File "/raid/s203270/When-Retrieval-Isn-t-the-Problem/app/providers/ollama.py", line 63, in chat
    response = await client.post("/api/chat", json=payload)
  File "/raid/s203270/miniconda3/envs/llm_env/lib/python3.10/site-packages/httpx/_client.py", line 1859, in post
    return await self.request(
  File "/raid/s203270/miniconda3/envs/llm_env/lib/python3.10/site-packages/httpx/_client.py", line 1540, in request
    return await self.send(request, auth=auth, follow_redirects=follow_redirects)
  File "/raid/s203270/miniconda3/envs/llm_env/lib/python3.10/site-packages/httpx/_client.py", line 1629, in send
    response = await self._send_handling_auth(
  File "/raid/s203270/miniconda3/envs/llm_env/lib/python3.10/site-packages/httpx/_client.py", line 1657, in _send_handling_auth
    response = await self._send_handling_redirects(
  File "/raid/s203270/miniconda3/envs/llm_env/lib/python3.10/site-packages/httpx/_client.py", line 1694, in _send_handling_redirects
    response = await self._send_single_request(request)
  File "/raid/s203270/miniconda3/envs/llm_env/lib/python3.10/site-packages/httpx/_client.py", line 1730, in _send_single_request
    response = await transport.handle_async_request(request)
  File "/raid/s203270/miniconda3/envs/llm_env/lib/python3.10/site-packages/httpx/_transports/default.py", line 393, in handle_async_request
    with map_httpcore_exceptions():
  File "/raid/s203270/miniconda3/envs/llm_env/lib/python3.10/contextlib.py", line 153, in __exit__
    self.gen.throw(typ, value, traceback)
  File "/raid/s203270/miniconda3/envs/llm_env/lib/python3.10/site-packages/httpx/_transports/default.py", line 118, in map_httpcore_exceptions
    raise mapped_exc(message) from exc
httpx.ConnectError: All connection attempts failed

The above exception was the direct cause of the following exception:

Traceback (most recent call last):
  File "/raid/s203270/When-Retrieval-Isn-t-the-Problem/app/agents/backends.py", line 253, in complete
    response = await self._provider.chat(
  File "/raid/s203270/When-Retrieval-Isn-t-the-Problem/app/providers/ollama.py", line 66, in chat
    raise ProviderUnavailableError(
app.providers.base.ProviderUnavailableError: Cannot connect to Ollama at http://127.0.0.1:11434 (connection refused). Is `ollama serve` running and bound to this address? Check with `curl http://127.0.0.1:11434/api/tags`.

The above exception was the direct cause of the following exception:

Traceback (most recent call last):
  File "/raid/s203270/When-Retrieval-Isn-t-the-Problem/app/agents/agent.py", line 141, in _complete_or_none
    content = await self.backend.complete(messages, temperature=temperature)
  File "/raid/s203270/When-Retrieval-Isn-t-the-Problem/app/agents/backends.py", line 266, in complete
    raise RuntimeError(
RuntimeError: Ollama complete failed after 3 attempt(s): Cannot connect to Ollama at http://127.0.0.1:11434 (connection refused). Is `ollama serve` running and bound to this address? Check with `curl http://127.0.0.1:11434/api/tags`.
Agent data_skeptic received empty model response on retry.
Agent generalist backend call failed.
Traceback (most recent call last):
  File "/raid/s203270/miniconda3/envs/llm_env/lib/python3.10/site-packages/httpx/_transports/default.py", line 101, in map_httpcore_exceptions
    yield
  File "/raid/s203270/miniconda3/envs/llm_env/lib/python3.10/site-packages/httpx/_transports/default.py", line 394, in handle_async_request
    resp = await self._pool.handle_async_request(req)
  File "/raid/s203270/miniconda3/envs/llm_env/lib/python3.10/site-packages/httpcore/_async/connection_pool.py", line 256, in handle_async_request
    raise exc from None
  File "/raid/s203270/miniconda3/envs/llm_env/lib/python3.10/site-packages/httpcore/_async/connection_pool.py", line 236, in handle_async_request
    response = await connection.handle_async_request(
  File "/raid/s203270/miniconda3/envs/llm_env/lib/python3.10/site-packages/httpcore/_async/connection.py", line 101, in handle_async_request
    raise exc
  File "/raid/s203270/miniconda3/envs/llm_env/lib/python3.10/site-packages/httpcore/_async/connection.py", line 78, in handle_async_request
    stream = await self._connect(request)
  File "/raid/s203270/miniconda3/envs/llm_env/lib/python3.10/site-packages/httpcore/_async/connection.py", line 124, in _connect
    stream = await self._network_backend.connect_tcp(**kwargs)
  File "/raid/s203270/miniconda3/envs/llm_env/lib/python3.10/site-packages/httpcore/_backends/auto.py", line 31, in connect_tcp
    return await self._backend.connect_tcp(
  File "/raid/s203270/miniconda3/envs/llm_env/lib/python3.10/site-packages/httpcore/_backends/anyio.py", line 113, in connect_tcp
    with map_exceptions(exc_map):
  File "/raid/s203270/miniconda3/envs/llm_env/lib/python3.10/contextlib.py", line 153, in __exit__
    self.gen.throw(typ, value, traceback)
  File "/raid/s203270/miniconda3/envs/llm_env/lib/python3.10/site-packages/httpcore/_exceptions.py", line 14, in map_exceptions
    raise to_exc(exc) from exc
httpcore.ConnectError: All connection attempts failed

The above exception was the direct cause of the following exception:

Traceback (most recent call last):
  File "/raid/s203270/When-Retrieval-Isn-t-the-Problem/app/providers/ollama.py", line 63, in chat
    response = await client.post("/api/chat", json=payload)
  File "/raid/s203270/miniconda3/envs/llm_env/lib/python3.10/site-packages/httpx/_client.py", line 1859, in post
    return await self.request(
  File "/raid/s203270/miniconda3/envs/llm_env/lib/python3.10/site-packages/httpx/_client.py", line 1540, in request
    return await self.send(request, auth=auth, follow_redirects=follow_redirects)
  File "/raid/s203270/miniconda3/envs/llm_env/lib/python3.10/site-packages/httpx/_client.py", line 1629, in send
    response = await self._send_handling_auth(
  File "/raid/s203270/miniconda3/envs/llm_env/lib/python3.10/site-packages/httpx/_client.py", line 1657, in _send_handling_auth
    response = await self._send_handling_redirects(
  File "/raid/s203270/miniconda3/envs/llm_env/lib/python3.10/site-packages/httpx/_client.py", line 1694, in _send_handling_redirects
    response = await self._send_single_request(request)
  File "/raid/s203270/miniconda3/envs/llm_env/lib/python3.10/site-packages/httpx/_client.py", line 1730, in _send_single_request
    response = await transport.handle_async_request(request)
  File "/raid/s203270/miniconda3/envs/llm_env/lib/python3.10/site-packages/httpx/_transports/default.py", line 393, in handle_async_request
    with map_httpcore_exceptions():
  File "/raid/s203270/miniconda3/envs/llm_env/lib/python3.10/contextlib.py", line 153, in __exit__
    self.gen.throw(typ, value, traceback)
  File "/raid/s203270/miniconda3/envs/llm_env/lib/python3.10/site-packages/httpx/_transports/default.py", line 118, in map_httpcore_exceptions
    raise mapped_exc(message) from exc
httpx.ConnectError: All connection attempts failed

The above exception was the direct cause of the following exception:

Traceback (most recent call last):
  File "/raid/s203270/When-Retrieval-Isn-t-the-Problem/app/agents/backends.py", line 253, in complete
    response = await self._provider.chat(
  File "/raid/s203270/When-Retrieval-Isn-t-the-Problem/app/providers/ollama.py", line 66, in chat
    raise ProviderUnavailableError(
app.providers.base.ProviderUnavailableError: Cannot connect to Ollama at http://127.0.0.1:11434 (connection refused). Is `ollama serve` running and bound to this address? Check with `curl http://127.0.0.1:11434/api/tags`.

The above exception was the direct cause of the following exception:

Traceback (most recent call last):
  File "/raid/s203270/When-Retrieval-Isn-t-the-Problem/app/agents/agent.py", line 141, in _complete_or_none
    content = await self.backend.complete(messages, temperature=temperature)
  File "/raid/s203270/When-Retrieval-Isn-t-the-Problem/app/agents/backends.py", line 266, in complete
    raise RuntimeError(
RuntimeError: Ollama complete failed after 3 attempt(s): Cannot connect to Ollama at http://127.0.0.1:11434 (connection refused). Is `ollama serve` running and bound to this address? Check with `curl http://127.0.0.1:11434/api/tags`.
Agent generalist received empty model response.
Agent generalist backend call failed.
Traceback (most recent call last):
  File "/raid/s203270/miniconda3/envs/llm_env/lib/python3.10/site-packages/httpx/_transports/default.py", line 101, in map_httpcore_exceptions
    yield
  File "/raid/s203270/miniconda3/envs/llm_env/lib/python3.10/site-packages/httpx/_transports/default.py", line 394, in handle_async_request
    resp = await self._pool.handle_async_request(req)
  File "/raid/s203270/miniconda3/envs/llm_env/lib/python3.10/site-packages/httpcore/_async/connection_pool.py", line 256, in handle_async_request
    raise exc from None
  File "/raid/s203270/miniconda3/envs/llm_env/lib/python3.10/site-packages/httpcore/_async/connection_pool.py", line 236, in handle_async_request
    response = await connection.handle_async_request(
  File "/raid/s203270/miniconda3/envs/llm_env/lib/python3.10/site-packages/httpcore/_async/connection.py", line 101, in handle_async_request
    raise exc
  File "/raid/s203270/miniconda3/envs/llm_env/lib/python3.10/site-packages/httpcore/_async/connection.py", line 78, in handle_async_request
    stream = await self._connect(request)
  File "/raid/s203270/miniconda3/envs/llm_env/lib/python3.10/site-packages/httpcore/_async/connection.py", line 124, in _connect
    stream = await self._network_backend.connect_tcp(**kwargs)
  File "/raid/s203270/miniconda3/envs/llm_env/lib/python3.10/site-packages/httpcore/_backends/auto.py", line 31, in connect_tcp
    return await self._backend.connect_tcp(
  File "/raid/s203270/miniconda3/envs/llm_env/lib/python3.10/site-packages/httpcore/_backends/anyio.py", line 113, in connect_tcp
    with map_exceptions(exc_map):
  File "/raid/s203270/miniconda3/envs/llm_env/lib/python3.10/contextlib.py", line 153, in __exit__
    self.gen.throw(typ, value, traceback)
  File "/raid/s203270/miniconda3/envs/llm_env/lib/python3.10/site-packages/httpcore/_exceptions.py", line 14, in map_exceptions
    raise to_exc(exc) from exc
httpcore.ConnectError: All connection attempts failed

The above exception was the direct cause of the following exception:

Traceback (most recent call last):
  File "/raid/s203270/When-Retrieval-Isn-t-the-Problem/app/providers/ollama.py", line 63, in chat
    response = await client.post("/api/chat", json=payload)
  File "/raid/s203270/miniconda3/envs/llm_env/lib/python3.10/site-packages/httpx/_client.py", line 1859, in post
    return await self.request(
  File "/raid/s203270/miniconda3/envs/llm_env/lib/python3.10/site-packages/httpx/_client.py", line 1540, in request
    return await self.send(request, auth=auth, follow_redirects=follow_redirects)
  File "/raid/s203270/miniconda3/envs/llm_env/lib/python3.10/site-packages/httpx/_client.py", line 1629, in send
    response = await self._send_handling_auth(
  File "/raid/s203270/miniconda3/envs/llm_env/lib/python3.10/site-packages/httpx/_client.py", line 1657, in _send_handling_auth
    response = await self._send_handling_redirects(
  File "/raid/s203270/miniconda3/envs/llm_env/lib/python3.10/site-packages/httpx/_client.py", line 1694, in _send_handling_redirects
    response = await self._send_single_request(request)
  File "/raid/s203270/miniconda3/envs/llm_env/lib/python3.10/site-packages/httpx/_client.py", line 1730, in _send_single_request
    response = await transport.handle_async_request(request)
  File "/raid/s203270/miniconda3/envs/llm_env/lib/python3.10/site-packages/httpx/_transports/default.py", line 393, in handle_async_request
    with map_httpcore_exceptions():
  File "/raid/s203270/miniconda3/envs/llm_env/lib/python3.10/contextlib.py", line 153, in __exit__
    self.gen.throw(typ, value, traceback)
  File "/raid/s203270/miniconda3/envs/llm_env/lib/python3.10/site-packages/httpx/_transports/default.py", line 118, in map_httpcore_exceptions
    raise mapped_exc(message) from exc
httpx.ConnectError: All connection attempts failed

The above exception was the direct cause of the following exception:

Traceback (most recent call last):
  File "/raid/s203270/When-Retrieval-Isn-t-the-Problem/app/agents/backends.py", line 253, in complete
    response = await self._provider.chat(
  File "/raid/s203270/When-Retrieval-Isn-t-the-Problem/app/providers/ollama.py", line 66, in chat
    raise ProviderUnavailableError(
app.providers.base.ProviderUnavailableError: Cannot connect to Ollama at http://127.0.0.1:11434 (connection refused). Is `ollama serve` running and bound to this address? Check with `curl http://127.0.0.1:11434/api/tags`.

The above exception was the direct cause of the following exception:

Traceback (most recent call last):
  File "/raid/s203270/When-Retrieval-Isn-t-the-Problem/app/agents/agent.py", line 141, in _complete_or_none
    content = await self.backend.complete(messages, temperature=temperature)
  File "/raid/s203270/When-Retrieval-Isn-t-the-Problem/app/agents/backends.py", line 266, in complete
    raise RuntimeError(
RuntimeError: Ollama complete failed after 3 attempt(s): Cannot connect to Ollama at http://127.0.0.1:11434 (connection refused). Is `ollama serve` running and bound to this address? Check with `curl http://127.0.0.1:11434/api/tags`.
Agent generalist received empty model response.
Agent generalist backend call failed.
Traceback (most recent call last):
  File "/raid/s203270/miniconda3/envs/llm_env/lib/python3.10/site-packages/httpx/_transports/default.py", line 101, in map_httpcore_exceptions
    yield
  File "/raid/s203270/miniconda3/envs/llm_env/lib/python3.10/site-packages/httpx/_transports/default.py", line 394, in handle_async_request
    resp = await self._pool.handle_async_request(req)
  File "/raid/s203270/miniconda3/envs/llm_env/lib/python3.10/site-packages/httpcore/_async/connection_pool.py", line 256, in handle_async_request
    raise exc from None
  File "/raid/s203270/miniconda3/envs/llm_env/lib/python3.10/site-packages/httpcore/_async/connection_pool.py", line 236, in handle_async_request
    response = await connection.handle_async_request(
  File "/raid/s203270/miniconda3/envs/llm_env/lib/python3.10/site-packages/httpcore/_async/connection.py", line 101, in handle_async_request
    raise exc
  File "/raid/s203270/miniconda3/envs/llm_env/lib/python3.10/site-packages/httpcore/_async/connection.py", line 78, in handle_async_request
    stream = await self._connect(request)
  File "/raid/s203270/miniconda3/envs/llm_env/lib/python3.10/site-packages/httpcore/_async/connection.py", line 124, in _connect
    stream = await self._network_backend.connect_tcp(**kwargs)
  File "/raid/s203270/miniconda3/envs/llm_env/lib/python3.10/site-packages/httpcore/_backends/auto.py", line 31, in connect_tcp
    return await self._backend.connect_tcp(
  File "/raid/s203270/miniconda3/envs/llm_env/lib/python3.10/site-packages/httpcore/_backends/anyio.py", line 113, in connect_tcp
    with map_exceptions(exc_map):
  File "/raid/s203270/miniconda3/envs/llm_env/lib/python3.10/contextlib.py", line 153, in __exit__
    self.gen.throw(typ, value, traceback)
  File "/raid/s203270/miniconda3/envs/llm_env/lib/python3.10/site-packages/httpcore/_exceptions.py", line 14, in map_exceptions
    raise to_exc(exc) from exc
httpcore.ConnectError: All connection attempts failed

The above exception was the direct cause of the following exception:

Traceback (most recent call last):
  File "/raid/s203270/When-Retrieval-Isn-t-the-Problem/app/providers/ollama.py", line 63, in chat
    response = await client.post("/api/chat", json=payload)
  File "/raid/s203270/miniconda3/envs/llm_env/lib/python3.10/site-packages/httpx/_client.py", line 1859, in post
    return await self.request(
  File "/raid/s203270/miniconda3/envs/llm_env/lib/python3.10/site-packages/httpx/_client.py", line 1540, in request
    return await self.send(request, auth=auth, follow_redirects=follow_redirects)
  File "/raid/s203270/miniconda3/envs/llm_env/lib/python3.10/site-packages/httpx/_client.py", line 1629, in send
    response = await self._send_handling_auth(
  File "/raid/s203270/miniconda3/envs/llm_env/lib/python3.10/site-packages/httpx/_client.py", line 1657, in _send_handling_auth
    response = await self._send_handling_redirects(
  File "/raid/s203270/miniconda3/envs/llm_env/lib/python3.10/site-packages/httpx/_client.py", line 1694, in _send_handling_redirects
    response = await self._send_single_request(request)
  File "/raid/s203270/miniconda3/envs/llm_env/lib/python3.10/site-packages/httpx/_client.py", line 1730, in _send_single_request
    response = await transport.handle_async_request(request)
  File "/raid/s203270/miniconda3/envs/llm_env/lib/python3.10/site-packages/httpx/_transports/default.py", line 393, in handle_async_request
    with map_httpcore_exceptions():
  File "/raid/s203270/miniconda3/envs/llm_env/lib/python3.10/contextlib.py", line 153, in __exit__
    self.gen.throw(typ, value, traceback)
  File "/raid/s203270/miniconda3/envs/llm_env/lib/python3.10/site-packages/httpx/_transports/default.py", line 118, in map_httpcore_exceptions
    raise mapped_exc(message) from exc
httpx.ConnectError: All connection attempts failed

The above exception was the direct cause of the following exception:

Traceback (most recent call last):
  File "/raid/s203270/When-Retrieval-Isn-t-the-Problem/app/agents/backends.py", line 253, in complete
    response = await self._provider.chat(
  File "/raid/s203270/When-Retrieval-Isn-t-the-Problem/app/providers/ollama.py", line 66, in chat
    raise ProviderUnavailableError(
app.providers.base.ProviderUnavailableError: Cannot connect to Ollama at http://127.0.0.1:11434 (connection refused). Is `ollama serve` running and bound to this address? Check with `curl http://127.0.0.1:11434/api/tags`.

The above exception was the direct cause of the following exception:

Traceback (most recent call last):
  File "/raid/s203270/When-Retrieval-Isn-t-the-Problem/app/agents/agent.py", line 141, in _complete_or_none
    content = await self.backend.complete(messages, temperature=temperature)
  File "/raid/s203270/When-Retrieval-Isn-t-the-Problem/app/agents/backends.py", line 266, in complete
    raise RuntimeError(
RuntimeError: Ollama complete failed after 3 attempt(s): Cannot connect to Ollama at http://127.0.0.1:11434 (connection refused). Is `ollama serve` running and bound to this address? Check with `curl http://127.0.0.1:11434/api/tags`.
Agent generalist received empty model response on retry.
Agent generalist backend call failed.
Traceback (most recent call last):
  File "/raid/s203270/miniconda3/envs/llm_env/lib/python3.10/site-packages/httpx/_transports/default.py", line 101, in map_httpcore_exceptions
    yield
  File "/raid/s203270/miniconda3/envs/llm_env/lib/python3.10/site-packages/httpx/_transports/default.py", line 394, in handle_async_request
    resp = await self._pool.handle_async_request(req)
  File "/raid/s203270/miniconda3/envs/llm_env/lib/python3.10/site-packages/httpcore/_async/connection_pool.py", line 256, in handle_async_request
    raise exc from None
  File "/raid/s203270/miniconda3/envs/llm_env/lib/python3.10/site-packages/httpcore/_async/connection_pool.py", line 236, in handle_async_request
    response = await connection.handle_async_request(
  File "/raid/s203270/miniconda3/envs/llm_env/lib/python3.10/site-packages/httpcore/_async/connection.py", line 101, in handle_async_request
    raise exc
  File "/raid/s203270/miniconda3/envs/llm_env/lib/python3.10/site-packages/httpcore/_async/connection.py", line 78, in handle_async_request
    stream = await self._connect(request)
  File "/raid/s203270/miniconda3/envs/llm_env/lib/python3.10/site-packages/httpcore/_async/connection.py", line 124, in _connect
    stream = await self._network_backend.connect_tcp(**kwargs)
  File "/raid/s203270/miniconda3/envs/llm_env/lib/python3.10/site-packages/httpcore/_backends/auto.py", line 31, in connect_tcp
    return await self._backend.connect_tcp(
  File "/raid/s203270/miniconda3/envs/llm_env/lib/python3.10/site-packages/httpcore/_backends/anyio.py", line 113, in connect_tcp
    with map_exceptions(exc_map):
  File "/raid/s203270/miniconda3/envs/llm_env/lib/python3.10/contextlib.py", line 153, in __exit__
    self.gen.throw(typ, value, traceback)
  File "/raid/s203270/miniconda3/envs/llm_env/lib/python3.10/site-packages/httpcore/_exceptions.py", line 14, in map_exceptions
    raise to_exc(exc) from exc
httpcore.ConnectError: All connection attempts failed

The above exception was the direct cause of the following exception:

Traceback (most recent call last):
  File "/raid/s203270/When-Retrieval-Isn-t-the-Problem/app/providers/ollama.py", line 63, in chat
    response = await client.post("/api/chat", json=payload)
  File "/raid/s203270/miniconda3/envs/llm_env/lib/python3.10/site-packages/httpx/_client.py", line 1859, in post
    return await self.request(
  File "/raid/s203270/miniconda3/envs/llm_env/lib/python3.10/site-packages/httpx/_client.py", line 1540, in request
    return await self.send(request, auth=auth, follow_redirects=follow_redirects)
  File "/raid/s203270/miniconda3/envs/llm_env/lib/python3.10/site-packages/httpx/_client.py", line 1629, in send
    response = await self._send_handling_auth(
  File "/raid/s203270/miniconda3/envs/llm_env/lib/python3.10/site-packages/httpx/_client.py", line 1657, in _send_handling_auth
    response = await self._send_handling_redirects(
  File "/raid/s203270/miniconda3/envs/llm_env/lib/python3.10/site-packages/httpx/_client.py", line 1694, in _send_handling_redirects
    response = await self._send_single_request(request)
  File "/raid/s203270/miniconda3/envs/llm_env/lib/python3.10/site-packages/httpx/_client.py", line 1730, in _send_single_request
    response = await transport.handle_async_request(request)
  File "/raid/s203270/miniconda3/envs/llm_env/lib/python3.10/site-packages/httpx/_transports/default.py", line 393, in handle_async_request
    with map_httpcore_exceptions():
  File "/raid/s203270/miniconda3/envs/llm_env/lib/python3.10/contextlib.py", line 153, in __exit__
    self.gen.throw(typ, value, traceback)
  File "/raid/s203270/miniconda3/envs/llm_env/lib/python3.10/site-packages/httpx/_transports/default.py", line 118, in map_httpcore_exceptions
    raise mapped_exc(message) from exc
httpx.ConnectError: All connection attempts failed

The above exception was the direct cause of the following exception:

Traceback (most recent call last):
  File "/raid/s203270/When-Retrieval-Isn-t-the-Problem/app/agents/backends.py", line 253, in complete
    response = await self._provider.chat(
  File "/raid/s203270/When-Retrieval-Isn-t-the-Problem/app/providers/ollama.py", line 66, in chat
    raise ProviderUnavailableError(
app.providers.base.ProviderUnavailableError: Cannot connect to Ollama at http://127.0.0.1:11434 (connection refused). Is `ollama serve` running and bound to this address? Check with `curl http://127.0.0.1:11434/api/tags`.

The above exception was the direct cause of the following exception:

Traceback (most recent call last):
  File "/raid/s203270/When-Retrieval-Isn-t-the-Problem/app/agents/agent.py", line 141, in _complete_or_none
    content = await self.backend.complete(messages, temperature=temperature)
  File "/raid/s203270/When-Retrieval-Isn-t-the-Problem/app/agents/backends.py", line 266, in complete
    raise RuntimeError(
RuntimeError: Ollama complete failed after 3 attempt(s): Cannot connect to Ollama at http://127.0.0.1:11434 (connection refused). Is `ollama serve` running and bound to this address? Check with `curl http://127.0.0.1:11434/api/tags`.
Agent generalist received empty model response on retry.
Agent evidence_skeptic backend call failed.
Traceback (most recent call last):
  File "/raid/s203270/miniconda3/envs/llm_env/lib/python3.10/site-packages/httpx/_transports/default.py", line 101, in map_httpcore_exceptions
    yield
  File "/raid/s203270/miniconda3/envs/llm_env/lib/python3.10/site-packages/httpx/_transports/default.py", line 394, in handle_async_request
    resp = await self._pool.handle_async_request(req)
  File "/raid/s203270/miniconda3/envs/llm_env/lib/python3.10/site-packages/httpcore/_async/connection_pool.py", line 256, in handle_async_request
    raise exc from None
  File "/raid/s203270/miniconda3/envs/llm_env/lib/python3.10/site-packages/httpcore/_async/connection_pool.py", line 236, in handle_async_request
    response = await connection.handle_async_request(
  File "/raid/s203270/miniconda3/envs/llm_env/lib/python3.10/site-packages/httpcore/_async/connection.py", line 101, in handle_async_request
    raise exc
  File "/raid/s203270/miniconda3/envs/llm_env/lib/python3.10/site-packages/httpcore/_async/connection.py", line 78, in handle_async_request
    stream = await self._connect(request)
  File "/raid/s203270/miniconda3/envs/llm_env/lib/python3.10/site-packages/httpcore/_async/connection.py", line 124, in _connect
    stream = await self._network_backend.connect_tcp(**kwargs)
  File "/raid/s203270/miniconda3/envs/llm_env/lib/python3.10/site-packages/httpcore/_backends/auto.py", line 31, in connect_tcp
    return await self._backend.connect_tcp(
  File "/raid/s203270/miniconda3/envs/llm_env/lib/python3.10/site-packages/httpcore/_backends/anyio.py", line 113, in connect_tcp
    with map_exceptions(exc_map):
  File "/raid/s203270/miniconda3/envs/llm_env/lib/python3.10/contextlib.py", line 153, in __exit__
    self.gen.throw(typ, value, traceback)
  File "/raid/s203270/miniconda3/envs/llm_env/lib/python3.10/site-packages/httpcore/_exceptions.py", line 14, in map_exceptions
    raise to_exc(exc) from exc
httpcore.ConnectError: All connection attempts failed

The above exception was the direct cause of the following exception:

Traceback (most recent call last):
  File "/raid/s203270/When-Retrieval-Isn-t-the-Problem/app/providers/ollama.py", line 63, in chat
    response = await client.post("/api/chat", json=payload)
  File "/raid/s203270/miniconda3/envs/llm_env/lib/python3.10/site-packages/httpx/_client.py", line 1859, in post
    return await self.request(
  File "/raid/s203270/miniconda3/envs/llm_env/lib/python3.10/site-packages/httpx/_client.py", line 1540, in request
    return await self.send(request, auth=auth, follow_redirects=follow_redirects)
  File "/raid/s203270/miniconda3/envs/llm_env/lib/python3.10/site-packages/httpx/_client.py", line 1629, in send
    response = await self._send_handling_auth(
  File "/raid/s203270/miniconda3/envs/llm_env/lib/python3.10/site-packages/httpx/_client.py", line 1657, in _send_handling_auth
    response = await self._send_handling_redirects(
  File "/raid/s203270/miniconda3/envs/llm_env/lib/python3.10/site-packages/httpx/_client.py", line 1694, in _send_handling_redirects
    response = await self._send_single_request(request)
  File "/raid/s203270/miniconda3/envs/llm_env/lib/python3.10/site-packages/httpx/_client.py", line 1730, in _send_single_request
    response = await transport.handle_async_request(request)
  File "/raid/s203270/miniconda3/envs/llm_env/lib/python3.10/site-packages/httpx/_transports/default.py", line 393, in handle_async_request
    with map_httpcore_exceptions():
  File "/raid/s203270/miniconda3/envs/llm_env/lib/python3.10/contextlib.py", line 153, in __exit__
    self.gen.throw(typ, value, traceback)
  File "/raid/s203270/miniconda3/envs/llm_env/lib/python3.10/site-packages/httpx/_transports/default.py", line 118, in map_httpcore_exceptions
    raise mapped_exc(message) from exc
httpx.ConnectError: All connection attempts failed

The above exception was the direct cause of the following exception:

Traceback (most recent call last):
  File "/raid/s203270/When-Retrieval-Isn-t-the-Problem/app/agents/backends.py", line 253, in complete
    response = await self._provider.chat(
  File "/raid/s203270/When-Retrieval-Isn-t-the-Problem/app/providers/ollama.py", line 66, in chat
    raise ProviderUnavailableError(
app.providers.base.ProviderUnavailableError: Cannot connect to Ollama at http://127.0.0.1:11434 (connection refused). Is `ollama serve` running and bound to this address? Check with `curl http://127.0.0.1:11434/api/tags`.

The above exception was the direct cause of the following exception:

Traceback (most recent call last):
  File "/raid/s203270/When-Retrieval-Isn-t-the-Problem/app/agents/agent.py", line 141, in _complete_or_none
    content = await self.backend.complete(messages, temperature=temperature)
  File "/raid/s203270/When-Retrieval-Isn-t-the-Problem/app/agents/backends.py", line 266, in complete
    raise RuntimeError(
RuntimeError: Ollama complete failed after 3 attempt(s): Cannot connect to Ollama at http://127.0.0.1:11434 (connection refused). Is `ollama serve` running and bound to this address? Check with `curl http://127.0.0.1:11434/api/tags`.
Agent evidence_skeptic received empty model response.
Agent differential_expander backend call failed.
Traceback (most recent call last):
  File "/raid/s203270/miniconda3/envs/llm_env/lib/python3.10/site-packages/httpx/_transports/default.py", line 101, in map_httpcore_exceptions
    yield
  File "/raid/s203270/miniconda3/envs/llm_env/lib/python3.10/site-packages/httpx/_transports/default.py", line 394, in handle_async_request
    resp = await self._pool.handle_async_request(req)
  File "/raid/s203270/miniconda3/envs/llm_env/lib/python3.10/site-packages/httpcore/_async/connection_pool.py", line 256, in handle_async_request
    raise exc from None
  File "/raid/s203270/miniconda3/envs/llm_env/lib/python3.10/site-packages/httpcore/_async/connection_pool.py", line 236, in handle_async_request
    response = await connection.handle_async_request(
  File "/raid/s203270/miniconda3/envs/llm_env/lib/python3.10/site-packages/httpcore/_async/connection.py", line 101, in handle_async_request
    raise exc
  File "/raid/s203270/miniconda3/envs/llm_env/lib/python3.10/site-packages/httpcore/_async/connection.py", line 78, in handle_async_request
    stream = await self._connect(request)
  File "/raid/s203270/miniconda3/envs/llm_env/lib/python3.10/site-packages/httpcore/_async/connection.py", line 124, in _connect
    stream = await self._network_backend.connect_tcp(**kwargs)
  File "/raid/s203270/miniconda3/envs/llm_env/lib/python3.10/site-packages/httpcore/_backends/auto.py", line 31, in connect_tcp
    return await self._backend.connect_tcp(
  File "/raid/s203270/miniconda3/envs/llm_env/lib/python3.10/site-packages/httpcore/_backends/anyio.py", line 113, in connect_tcp
    with map_exceptions(exc_map):
  File "/raid/s203270/miniconda3/envs/llm_env/lib/python3.10/contextlib.py", line 153, in __exit__
    self.gen.throw(typ, value, traceback)
  File "/raid/s203270/miniconda3/envs/llm_env/lib/python3.10/site-packages/httpcore/_exceptions.py", line 14, in map_exceptions
    raise to_exc(exc) from exc
httpcore.ConnectError: All connection attempts failed

The above exception was the direct cause of the following exception:

Traceback (most recent call last):
  File "/raid/s203270/When-Retrieval-Isn-t-the-Problem/app/providers/ollama.py", line 63, in chat
    response = await client.post("/api/chat", json=payload)
  File "/raid/s203270/miniconda3/envs/llm_env/lib/python3.10/site-packages/httpx/_client.py", line 1859, in post
    return await self.request(
  File "/raid/s203270/miniconda3/envs/llm_env/lib/python3.10/site-packages/httpx/_client.py", line 1540, in request
    return await self.send(request, auth=auth, follow_redirects=follow_redirects)
  File "/raid/s203270/miniconda3/envs/llm_env/lib/python3.10/site-packages/httpx/_client.py", line 1629, in send
    response = await self._send_handling_auth(
  File "/raid/s203270/miniconda3/envs/llm_env/lib/python3.10/site-packages/httpx/_client.py", line 1657, in _send_handling_auth
    response = await self._send_handling_redirects(
  File "/raid/s203270/miniconda3/envs/llm_env/lib/python3.10/site-packages/httpx/_client.py", line 1694, in _send_handling_redirects
    response = await self._send_single_request(request)
  File "/raid/s203270/miniconda3/envs/llm_env/lib/python3.10/site-packages/httpx/_client.py", line 1730, in _send_single_request
    response = await transport.handle_async_request(request)
  File "/raid/s203270/miniconda3/envs/llm_env/lib/python3.10/site-packages/httpx/_transports/default.py", line 393, in handle_async_request
    with map_httpcore_exceptions():
  File "/raid/s203270/miniconda3/envs/llm_env/lib/python3.10/contextlib.py", line 153, in __exit__
    self.gen.throw(typ, value, traceback)
  File "/raid/s203270/miniconda3/envs/llm_env/lib/python3.10/site-packages/httpx/_transports/default.py", line 118, in map_httpcore_exceptions
    raise mapped_exc(message) from exc
httpx.ConnectError: All connection attempts failed

The above exception was the direct cause of the following exception:

Traceback (most recent call last):
  File "/raid/s203270/When-Retrieval-Isn-t-the-Problem/app/agents/backends.py", line 253, in complete
    response = await self._provider.chat(
  File "/raid/s203270/When-Retrieval-Isn-t-the-Problem/app/providers/ollama.py", line 66, in chat
    raise ProviderUnavailableError(
app.providers.base.ProviderUnavailableError: Cannot connect to Ollama at http://127.0.0.1:11434 (connection refused). Is `ollama serve` running and bound to this address? Check with `curl http://127.0.0.1:11434/api/tags`.

The above exception was the direct cause of the following exception:

Traceback (most recent call last):
  File "/raid/s203270/When-Retrieval-Isn-t-the-Problem/app/agents/agent.py", line 141, in _complete_or_none
    content = await self.backend.complete(messages, temperature=temperature)
  File "/raid/s203270/When-Retrieval-Isn-t-the-Problem/app/agents/backends.py", line 266, in complete
    raise RuntimeError(
RuntimeError: Ollama complete failed after 3 attempt(s): Cannot connect to Ollama at http://127.0.0.1:11434 (connection refused). Is `ollama serve` running and bound to this address? Check with `curl http://127.0.0.1:11434/api/tags`.
Agent differential_expander received empty model response.
Agent evidence_skeptic backend call failed.
Traceback (most recent call last):
  File "/raid/s203270/miniconda3/envs/llm_env/lib/python3.10/site-packages/httpx/_transports/default.py", line 101, in map_httpcore_exceptions
    yield
  File "/raid/s203270/miniconda3/envs/llm_env/lib/python3.10/site-packages/httpx/_transports/default.py", line 394, in handle_async_request
    resp = await self._pool.handle_async_request(req)
  File "/raid/s203270/miniconda3/envs/llm_env/lib/python3.10/site-packages/httpcore/_async/connection_pool.py", line 256, in handle_async_request
    raise exc from None
  File "/raid/s203270/miniconda3/envs/llm_env/lib/python3.10/site-packages/httpcore/_async/connection_pool.py", line 236, in handle_async_request
    response = await connection.handle_async_request(
  File "/raid/s203270/miniconda3/envs/llm_env/lib/python3.10/site-packages/httpcore/_async/connection.py", line 101, in handle_async_request
    raise exc
  File "/raid/s203270/miniconda3/envs/llm_env/lib/python3.10/site-packages/httpcore/_async/connection.py", line 78, in handle_async_request
    stream = await self._connect(request)
  File "/raid/s203270/miniconda3/envs/llm_env/lib/python3.10/site-packages/httpcore/_async/connection.py", line 124, in _connect
    stream = await self._network_backend.connect_tcp(**kwargs)
  File "/raid/s203270/miniconda3/envs/llm_env/lib/python3.10/site-packages/httpcore/_backends/auto.py", line 31, in connect_tcp
    return await self._backend.connect_tcp(
  File "/raid/s203270/miniconda3/envs/llm_env/lib/python3.10/site-packages/httpcore/_backends/anyio.py", line 113, in connect_tcp
    with map_exceptions(exc_map):
  File "/raid/s203270/miniconda3/envs/llm_env/lib/python3.10/contextlib.py", line 153, in __exit__
    self.gen.throw(typ, value, traceback)
  File "/raid/s203270/miniconda3/envs/llm_env/lib/python3.10/site-packages/httpcore/_exceptions.py", line 14, in map_exceptions
    raise to_exc(exc) from exc
httpcore.ConnectError: All connection attempts failed

The above exception was the direct cause of the following exception:

Traceback (most recent call last):
  File "/raid/s203270/When-Retrieval-Isn-t-the-Problem/app/providers/ollama.py", line 63, in chat
    response = await client.post("/api/chat", json=payload)
  File "/raid/s203270/miniconda3/envs/llm_env/lib/python3.10/site-packages/httpx/_client.py", line 1859, in post
    return await self.request(
  File "/raid/s203270/miniconda3/envs/llm_env/lib/python3.10/site-packages/httpx/_client.py", line 1540, in request
    return await self.send(request, auth=auth, follow_redirects=follow_redirects)
  File "/raid/s203270/miniconda3/envs/llm_env/lib/python3.10/site-packages/httpx/_client.py", line 1629, in send
    response = await self._send_handling_auth(
  File "/raid/s203270/miniconda3/envs/llm_env/lib/python3.10/site-packages/httpx/_client.py", line 1657, in _send_handling_auth
    response = await self._send_handling_redirects(
  File "/raid/s203270/miniconda3/envs/llm_env/lib/python3.10/site-packages/httpx/_client.py", line 1694, in _send_handling_redirects
    response = await self._send_single_request(request)
  File "/raid/s203270/miniconda3/envs/llm_env/lib/python3.10/site-packages/httpx/_client.py", line 1730, in _send_single_request
    response = await transport.handle_async_request(request)
  File "/raid/s203270/miniconda3/envs/llm_env/lib/python3.10/site-packages/httpx/_transports/default.py", line 393, in handle_async_request
    with map_httpcore_exceptions():
  File "/raid/s203270/miniconda3/envs/llm_env/lib/python3.10/contextlib.py", line 153, in __exit__
    self.gen.throw(typ, value, traceback)
  File "/raid/s203270/miniconda3/envs/llm_env/lib/python3.10/site-packages/httpx/_transports/default.py", line 118, in map_httpcore_exceptions
    raise mapped_exc(message) from exc
httpx.ConnectError: All connection attempts failed

The above exception was the direct cause of the following exception:

Traceback (most recent call last):
  File "/raid/s203270/When-Retrieval-Isn-t-the-Problem/app/agents/backends.py", line 253, in complete
    response = await self._provider.chat(
  File "/raid/s203270/When-Retrieval-Isn-t-the-Problem/app/providers/ollama.py", line 66, in chat
    raise ProviderUnavailableError(
app.providers.base.ProviderUnavailableError: Cannot connect to Ollama at http://127.0.0.1:11434 (connection refused). Is `ollama serve` running and bound to this address? Check with `curl http://127.0.0.1:11434/api/tags`.

The above exception was the direct cause of the following exception:

Traceback (most recent call last):
  File "/raid/s203270/When-Retrieval-Isn-t-the-Problem/app/agents/agent.py", line 141, in _complete_or_none
    content = await self.backend.complete(messages, temperature=temperature)
  File "/raid/s203270/When-Retrieval-Isn-t-the-Problem/app/agents/backends.py", line 266, in complete
    raise RuntimeError(
RuntimeError: Ollama complete failed after 3 attempt(s): Cannot connect to Ollama at http://127.0.0.1:11434 (connection refused). Is `ollama serve` running and bound to this address? Check with `curl http://127.0.0.1:11434/api/tags`.
Agent evidence_skeptic received empty model response on retry.
Agent differential_expander backend call failed.
Traceback (most recent call last):
  File "/raid/s203270/miniconda3/envs/llm_env/lib/python3.10/site-packages/httpx/_transports/default.py", line 101, in map_httpcore_exceptions
    yield
  File "/raid/s203270/miniconda3/envs/llm_env/lib/python3.10/site-packages/httpx/_transports/default.py", line 394, in handle_async_request
    resp = await self._pool.handle_async_request(req)
  File "/raid/s203270/miniconda3/envs/llm_env/lib/python3.10/site-packages/httpcore/_async/connection_pool.py", line 256, in handle_async_request
    raise exc from None
  File "/raid/s203270/miniconda3/envs/llm_env/lib/python3.10/site-packages/httpcore/_async/connection_pool.py", line 236, in handle_async_request
    response = await connection.handle_async_request(
  File "/raid/s203270/miniconda3/envs/llm_env/lib/python3.10/site-packages/httpcore/_async/connection.py", line 101, in handle_async_request
    raise exc
  File "/raid/s203270/miniconda3/envs/llm_env/lib/python3.10/site-packages/httpcore/_async/connection.py", line 78, in handle_async_request
    stream = await self._connect(request)
  File "/raid/s203270/miniconda3/envs/llm_env/lib/python3.10/site-packages/httpcore/_async/connection.py", line 124, in _connect
    stream = await self._network_backend.connect_tcp(**kwargs)
  File "/raid/s203270/miniconda3/envs/llm_env/lib/python3.10/site-packages/httpcore/_backends/auto.py", line 31, in connect_tcp
    return await self._backend.connect_tcp(
  File "/raid/s203270/miniconda3/envs/llm_env/lib/python3.10/site-packages/httpcore/_backends/anyio.py", line 113, in connect_tcp
    with map_exceptions(exc_map):
  File "/raid/s203270/miniconda3/envs/llm_env/lib/python3.10/contextlib.py", line 153, in __exit__
    self.gen.throw(typ, value, traceback)
  File "/raid/s203270/miniconda3/envs/llm_env/lib/python3.10/site-packages/httpcore/_exceptions.py", line 14, in map_exceptions
    raise to_exc(exc) from exc
httpcore.ConnectError: All connection attempts failed

The above exception was the direct cause of the following exception:

Traceback (most recent call last):
  File "/raid/s203270/When-Retrieval-Isn-t-the-Problem/app/providers/ollama.py", line 63, in chat
    response = await client.post("/api/chat", json=payload)
  File "/raid/s203270/miniconda3/envs/llm_env/lib/python3.10/site-packages/httpx/_client.py", line 1859, in post
    return await self.request(
  File "/raid/s203270/miniconda3/envs/llm_env/lib/python3.10/site-packages/httpx/_client.py", line 1540, in request
    return await self.send(request, auth=auth, follow_redirects=follow_redirects)
  File "/raid/s203270/miniconda3/envs/llm_env/lib/python3.10/site-packages/httpx/_client.py", line 1629, in send
    response = await self._send_handling_auth(
  File "/raid/s203270/miniconda3/envs/llm_env/lib/python3.10/site-packages/httpx/_client.py", line 1657, in _send_handling_auth
    response = await self._send_handling_redirects(
  File "/raid/s203270/miniconda3/envs/llm_env/lib/python3.10/site-packages/httpx/_client.py", line 1694, in _send_handling_redirects
    response = await self._send_single_request(request)
  File "/raid/s203270/miniconda3/envs/llm_env/lib/python3.10/site-packages/httpx/_client.py", line 1730, in _send_single_request
    response = await transport.handle_async_request(request)
  File "/raid/s203270/miniconda3/envs/llm_env/lib/python3.10/site-packages/httpx/_transports/default.py", line 393, in handle_async_request
    with map_httpcore_exceptions():
  File "/raid/s203270/miniconda3/envs/llm_env/lib/python3.10/contextlib.py", line 153, in __exit__
    self.gen.throw(typ, value, traceback)
  File "/raid/s203270/miniconda3/envs/llm_env/lib/python3.10/site-packages/httpx/_transports/default.py", line 118, in map_httpcore_exceptions
    raise mapped_exc(message) from exc
httpx.ConnectError: All connection attempts failed

The above exception was the direct cause of the following exception:

Traceback (most recent call last):
  File "/raid/s203270/When-Retrieval-Isn-t-the-Problem/app/agents/backends.py", line 253, in complete
    response = await self._provider.chat(
  File "/raid/s203270/When-Retrieval-Isn-t-the-Problem/app/providers/ollama.py", line 66, in chat
    raise ProviderUnavailableError(
app.providers.base.ProviderUnavailableError: Cannot connect to Ollama at http://127.0.0.1:11434 (connection refused). Is `ollama serve` running and bound to this address? Check with `curl http://127.0.0.1:11434/api/tags`.

The above exception was the direct cause of the following exception:

Traceback (most recent call last):
  File "/raid/s203270/When-Retrieval-Isn-t-the-Problem/app/agents/agent.py", line 141, in _complete_or_none
    content = await self.backend.complete(messages, temperature=temperature)
  File "/raid/s203270/When-Retrieval-Isn-t-the-Problem/app/agents/backends.py", line 266, in complete
    raise RuntimeError(
RuntimeError: Ollama complete failed after 3 attempt(s): Cannot connect to Ollama at http://127.0.0.1:11434 (connection refused). Is `ollama serve` running and bound to this address? Check with `curl http://127.0.0.1:11434/api/tags`.
Agent differential_expander received empty model response on retry.
Agent differential_expander backend call failed.
Traceback (most recent call last):
  File "/raid/s203270/miniconda3/envs/llm_env/lib/python3.10/site-packages/httpx/_transports/default.py", line 101, in map_httpcore_exceptions
    yield
  File "/raid/s203270/miniconda3/envs/llm_env/lib/python3.10/site-packages/httpx/_transports/default.py", line 394, in handle_async_request
    resp = await self._pool.handle_async_request(req)
  File "/raid/s203270/miniconda3/envs/llm_env/lib/python3.10/site-packages/httpcore/_async/connection_pool.py", line 256, in handle_async_request
    raise exc from None
  File "/raid/s203270/miniconda3/envs/llm_env/lib/python3.10/site-packages/httpcore/_async/connection_pool.py", line 236, in handle_async_request
    response = await connection.handle_async_request(
  File "/raid/s203270/miniconda3/envs/llm_env/lib/python3.10/site-packages/httpcore/_async/connection.py", line 101, in handle_async_request
    raise exc
  File "/raid/s203270/miniconda3/envs/llm_env/lib/python3.10/site-packages/httpcore/_async/connection.py", line 78, in handle_async_request
    stream = await self._connect(request)
  File "/raid/s203270/miniconda3/envs/llm_env/lib/python3.10/site-packages/httpcore/_async/connection.py", line 124, in _connect
    stream = await self._network_backend.connect_tcp(**kwargs)
  File "/raid/s203270/miniconda3/envs/llm_env/lib/python3.10/site-packages/httpcore/_backends/auto.py", line 31, in connect_tcp
    return await self._backend.connect_tcp(
  File "/raid/s203270/miniconda3/envs/llm_env/lib/python3.10/site-packages/httpcore/_backends/anyio.py", line 113, in connect_tcp
    with map_exceptions(exc_map):
  File "/raid/s203270/miniconda3/envs/llm_env/lib/python3.10/contextlib.py", line 153, in __exit__
    self.gen.throw(typ, value, traceback)
  File "/raid/s203270/miniconda3/envs/llm_env/lib/python3.10/site-packages/httpcore/_exceptions.py", line 14, in map_exceptions
    raise to_exc(exc) from exc
httpcore.ConnectError: All connection attempts failed

The above exception was the direct cause of the following exception:

Traceback (most recent call last):
  File "/raid/s203270/When-Retrieval-Isn-t-the-Problem/app/providers/ollama.py", line 63, in chat
    response = await client.post("/api/chat", json=payload)
  File "/raid/s203270/miniconda3/envs/llm_env/lib/python3.10/site-packages/httpx/_client.py", line 1859, in post
    return await self.request(
  File "/raid/s203270/miniconda3/envs/llm_env/lib/python3.10/site-packages/httpx/_client.py", line 1540, in request
    return await self.send(request, auth=auth, follow_redirects=follow_redirects)
  File "/raid/s203270/miniconda3/envs/llm_env/lib/python3.10/site-packages/httpx/_client.py", line 1629, in send
    response = await self._send_handling_auth(
  File "/raid/s203270/miniconda3/envs/llm_env/lib/python3.10/site-packages/httpx/_client.py", line 1657, in _send_handling_auth
    response = await self._send_handling_redirects(
  File "/raid/s203270/miniconda3/envs/llm_env/lib/python3.10/site-packages/httpx/_client.py", line 1694, in _send_handling_redirects
    response = await self._send_single_request(request)
  File "/raid/s203270/miniconda3/envs/llm_env/lib/python3.10/site-packages/httpx/_client.py", line 1730, in _send_single_request
    response = await transport.handle_async_request(request)
  File "/raid/s203270/miniconda3/envs/llm_env/lib/python3.10/site-packages/httpx/_transports/default.py", line 393, in handle_async_request
    with map_httpcore_exceptions():
  File "/raid/s203270/miniconda3/envs/llm_env/lib/python3.10/contextlib.py", line 153, in __exit__
    self.gen.throw(typ, value, traceback)
  File "/raid/s203270/miniconda3/envs/llm_env/lib/python3.10/site-packages/httpx/_transports/default.py", line 118, in map_httpcore_exceptions
    raise mapped_exc(message) from exc
httpx.ConnectError: All connection attempts failed

The above exception was the direct cause of the following exception:

Traceback (most recent call last):
  File "/raid/s203270/When-Retrieval-Isn-t-the-Problem/app/agents/backends.py", line 253, in complete
    response = await self._provider.chat(
  File "/raid/s203270/When-Retrieval-Isn-t-the-Problem/app/providers/ollama.py", line 66, in chat
    raise ProviderUnavailableError(
app.providers.base.ProviderUnavailableError: Cannot connect to Ollama at http://127.0.0.1:11434 (connection refused). Is `ollama serve` running and bound to this address? Check with `curl http://127.0.0.1:11434/api/tags`.

The above exception was the direct cause of the following exception:

Traceback (most recent call last):
  File "/raid/s203270/When-Retrieval-Isn-t-the-Problem/app/agents/agent.py", line 141, in _complete_or_none
    content = await self.backend.complete(messages, temperature=temperature)
  File "/raid/s203270/When-Retrieval-Isn-t-the-Problem/app/agents/backends.py", line 266, in complete
    raise RuntimeError(
RuntimeError: Ollama complete failed after 3 attempt(s): Cannot connect to Ollama at http://127.0.0.1:11434 (connection refused). Is `ollama serve` running and bound to this address? Check with `curl http://127.0.0.1:11434/api/tags`.
Agent differential_expander received empty model response.
Agent relevance_checker backend call failed.
Traceback (most recent call last):
  File "/raid/s203270/miniconda3/envs/llm_env/lib/python3.10/site-packages/httpx/_transports/default.py", line 101, in map_httpcore_exceptions
    yield
  File "/raid/s203270/miniconda3/envs/llm_env/lib/python3.10/site-packages/httpx/_transports/default.py", line 394, in handle_async_request
    resp = await self._pool.handle_async_request(req)
  File "/raid/s203270/miniconda3/envs/llm_env/lib/python3.10/site-packages/httpcore/_async/connection_pool.py", line 256, in handle_async_request
    raise exc from None
  File "/raid/s203270/miniconda3/envs/llm_env/lib/python3.10/site-packages/httpcore/_async/connection_pool.py", line 236, in handle_async_request
    response = await connection.handle_async_request(
  File "/raid/s203270/miniconda3/envs/llm_env/lib/python3.10/site-packages/httpcore/_async/connection.py", line 101, in handle_async_request
    raise exc
  File "/raid/s203270/miniconda3/envs/llm_env/lib/python3.10/site-packages/httpcore/_async/connection.py", line 78, in handle_async_request
    stream = await self._connect(request)
  File "/raid/s203270/miniconda3/envs/llm_env/lib/python3.10/site-packages/httpcore/_async/connection.py", line 124, in _connect
    stream = await self._network_backend.connect_tcp(**kwargs)
  File "/raid/s203270/miniconda3/envs/llm_env/lib/python3.10/site-packages/httpcore/_backends/auto.py", line 31, in connect_tcp
    return await self._backend.connect_tcp(
  File "/raid/s203270/miniconda3/envs/llm_env/lib/python3.10/site-packages/httpcore/_backends/anyio.py", line 113, in connect_tcp
    with map_exceptions(exc_map):
  File "/raid/s203270/miniconda3/envs/llm_env/lib/python3.10/contextlib.py", line 153, in __exit__
    self.gen.throw(typ, value, traceback)
  File "/raid/s203270/miniconda3/envs/llm_env/lib/python3.10/site-packages/httpcore/_exceptions.py", line 14, in map_exceptions
    raise to_exc(exc) from exc
httpcore.ConnectError: All connection attempts failed

The above exception was the direct cause of the following exception:

Traceback (most recent call last):
  File "/raid/s203270/When-Retrieval-Isn-t-the-Problem/app/providers/ollama.py", line 63, in chat
    response = await client.post("/api/chat", json=payload)
  File "/raid/s203270/miniconda3/envs/llm_env/lib/python3.10/site-packages/httpx/_client.py", line 1859, in post
    return await self.request(
  File "/raid/s203270/miniconda3/envs/llm_env/lib/python3.10/site-packages/httpx/_client.py", line 1540, in request
    return await self.send(request, auth=auth, follow_redirects=follow_redirects)
  File "/raid/s203270/miniconda3/envs/llm_env/lib/python3.10/site-packages/httpx/_client.py", line 1629, in send
    response = await self._send_handling_auth(
  File "/raid/s203270/miniconda3/envs/llm_env/lib/python3.10/site-packages/httpx/_client.py", line 1657, in _send_handling_auth
    response = await self._send_handling_redirects(
  File "/raid/s203270/miniconda3/envs/llm_env/lib/python3.10/site-packages/httpx/_client.py", line 1694, in _send_handling_redirects
    response = await self._send_single_request(request)
  File "/raid/s203270/miniconda3/envs/llm_env/lib/python3.10/site-packages/httpx/_client.py", line 1730, in _send_single_request
    response = await transport.handle_async_request(request)
  File "/raid/s203270/miniconda3/envs/llm_env/lib/python3.10/site-packages/httpx/_transports/default.py", line 393, in handle_async_request
    with map_httpcore_exceptions():
  File "/raid/s203270/miniconda3/envs/llm_env/lib/python3.10/contextlib.py", line 153, in __exit__
    self.gen.throw(typ, value, traceback)
  File "/raid/s203270/miniconda3/envs/llm_env/lib/python3.10/site-packages/httpx/_transports/default.py", line 118, in map_httpcore_exceptions
    raise mapped_exc(message) from exc
httpx.ConnectError: All connection attempts failed

The above exception was the direct cause of the following exception:

Traceback (most recent call last):
  File "/raid/s203270/When-Retrieval-Isn-t-the-Problem/app/agents/backends.py", line 253, in complete
    response = await self._provider.chat(
  File "/raid/s203270/When-Retrieval-Isn-t-the-Problem/app/providers/ollama.py", line 66, in chat
    raise ProviderUnavailableError(
app.providers.base.ProviderUnavailableError: Cannot connect to Ollama at http://127.0.0.1:11434 (connection refused). Is `ollama serve` running and bound to this address? Check with `curl http://127.0.0.1:11434/api/tags`.

The above exception was the direct cause of the following exception:

Traceback (most recent call last):
  File "/raid/s203270/When-Retrieval-Isn-t-the-Problem/app/agents/agent.py", line 141, in _complete_or_none
    content = await self.backend.complete(messages, temperature=temperature)
  File "/raid/s203270/When-Retrieval-Isn-t-the-Problem/app/agents/backends.py", line 266, in complete
    raise RuntimeError(
RuntimeError: Ollama complete failed after 3 attempt(s): Cannot connect to Ollama at http://127.0.0.1:11434 (connection refused). Is `ollama serve` running and bound to this address? Check with `curl http://127.0.0.1:11434/api/tags`.
Agent relevance_checker received empty model response.
Agent differential_expander backend call failed.
Traceback (most recent call last):
  File "/raid/s203270/miniconda3/envs/llm_env/lib/python3.10/site-packages/httpx/_transports/default.py", line 101, in map_httpcore_exceptions
    yield
  File "/raid/s203270/miniconda3/envs/llm_env/lib/python3.10/site-packages/httpx/_transports/default.py", line 394, in handle_async_request
    resp = await self._pool.handle_async_request(req)
  File "/raid/s203270/miniconda3/envs/llm_env/lib/python3.10/site-packages/httpcore/_async/connection_pool.py", line 256, in handle_async_request
    raise exc from None
  File "/raid/s203270/miniconda3/envs/llm_env/lib/python3.10/site-packages/httpcore/_async/connection_pool.py", line 236, in handle_async_request
    response = await connection.handle_async_request(
  File "/raid/s203270/miniconda3/envs/llm_env/lib/python3.10/site-packages/httpcore/_async/connection.py", line 101, in handle_async_request
    raise exc
  File "/raid/s203270/miniconda3/envs/llm_env/lib/python3.10/site-packages/httpcore/_async/connection.py", line 78, in handle_async_request
    stream = await self._connect(request)
  File "/raid/s203270/miniconda3/envs/llm_env/lib/python3.10/site-packages/httpcore/_async/connection.py", line 124, in _connect
    stream = await self._network_backend.connect_tcp(**kwargs)
  File "/raid/s203270/miniconda3/envs/llm_env/lib/python3.10/site-packages/httpcore/_backends/auto.py", line 31, in connect_tcp
    return await self._backend.connect_tcp(
  File "/raid/s203270/miniconda3/envs/llm_env/lib/python3.10/site-packages/httpcore/_backends/anyio.py", line 113, in connect_tcp
    with map_exceptions(exc_map):
  File "/raid/s203270/miniconda3/envs/llm_env/lib/python3.10/contextlib.py", line 153, in __exit__
    self.gen.throw(typ, value, traceback)
  File "/raid/s203270/miniconda3/envs/llm_env/lib/python3.10/site-packages/httpcore/_exceptions.py", line 14, in map_exceptions
    raise to_exc(exc) from exc
httpcore.ConnectError: All connection attempts failed

The above exception was the direct cause of the following exception:

Traceback (most recent call last):
  File "/raid/s203270/When-Retrieval-Isn-t-the-Problem/app/providers/ollama.py", line 63, in chat
    response = await client.post("/api/chat", json=payload)
  File "/raid/s203270/miniconda3/envs/llm_env/lib/python3.10/site-packages/httpx/_client.py", line 1859, in post
    return await self.request(
  File "/raid/s203270/miniconda3/envs/llm_env/lib/python3.10/site-packages/httpx/_client.py", line 1540, in request
    return await self.send(request, auth=auth, follow_redirects=follow_redirects)
  File "/raid/s203270/miniconda3/envs/llm_env/lib/python3.10/site-packages/httpx/_client.py", line 1629, in send
    response = await self._send_handling_auth(
  File "/raid/s203270/miniconda3/envs/llm_env/lib/python3.10/site-packages/httpx/_client.py", line 1657, in _send_handling_auth
    response = await self._send_handling_redirects(
  File "/raid/s203270/miniconda3/envs/llm_env/lib/python3.10/site-packages/httpx/_client.py", line 1694, in _send_handling_redirects
    response = await self._send_single_request(request)
  File "/raid/s203270/miniconda3/envs/llm_env/lib/python3.10/site-packages/httpx/_client.py", line 1730, in _send_single_request
    response = await transport.handle_async_request(request)
  File "/raid/s203270/miniconda3/envs/llm_env/lib/python3.10/site-packages/httpx/_transports/default.py", line 393, in handle_async_request
    with map_httpcore_exceptions():
  File "/raid/s203270/miniconda3/envs/llm_env/lib/python3.10/contextlib.py", line 153, in __exit__
    self.gen.throw(typ, value, traceback)
  File "/raid/s203270/miniconda3/envs/llm_env/lib/python3.10/site-packages/httpx/_transports/default.py", line 118, in map_httpcore_exceptions
    raise mapped_exc(message) from exc
httpx.ConnectError: All connection attempts failed

The above exception was the direct cause of the following exception:

Traceback (most recent call last):
  File "/raid/s203270/When-Retrieval-Isn-t-the-Problem/app/agents/backends.py", line 253, in complete
    response = await self._provider.chat(
  File "/raid/s203270/When-Retrieval-Isn-t-the-Problem/app/providers/ollama.py", line 66, in chat
    raise ProviderUnavailableError(
app.providers.base.ProviderUnavailableError: Cannot connect to Ollama at http://127.0.0.1:11434 (connection refused). Is `ollama serve` running and bound to this address? Check with `curl http://127.0.0.1:11434/api/tags`.

The above exception was the direct cause of the following exception:

Traceback (most recent call last):
  File "/raid/s203270/When-Retrieval-Isn-t-the-Problem/app/agents/agent.py", line 141, in _complete_or_none
    content = await self.backend.complete(messages, temperature=temperature)
  File "/raid/s203270/When-Retrieval-Isn-t-the-Problem/app/agents/backends.py", line 266, in complete
    raise RuntimeError(
RuntimeError: Ollama complete failed after 3 attempt(s): Cannot connect to Ollama at http://127.0.0.1:11434 (connection refused). Is `ollama serve` running and bound to this address? Check with `curl http://127.0.0.1:11434/api/tags`.
Agent differential_expander received empty model response on retry.
Agent relevance_checker backend call failed.
Traceback (most recent call last):
  File "/raid/s203270/miniconda3/envs/llm_env/lib/python3.10/site-packages/httpx/_transports/default.py", line 101, in map_httpcore_exceptions
    yield
  File "/raid/s203270/miniconda3/envs/llm_env/lib/python3.10/site-packages/httpx/_transports/default.py", line 394, in handle_async_request
    resp = await self._pool.handle_async_request(req)
  File "/raid/s203270/miniconda3/envs/llm_env/lib/python3.10/site-packages/httpcore/_async/connection_pool.py", line 256, in handle_async_request
    raise exc from None
  File "/raid/s203270/miniconda3/envs/llm_env/lib/python3.10/site-packages/httpcore/_async/connection_pool.py", line 236, in handle_async_request
    response = await connection.handle_async_request(
  File "/raid/s203270/miniconda3/envs/llm_env/lib/python3.10/site-packages/httpcore/_async/connection.py", line 101, in handle_async_request
    raise exc
  File "/raid/s203270/miniconda3/envs/llm_env/lib/python3.10/site-packages/httpcore/_async/connection.py", line 78, in handle_async_request
    stream = await self._connect(request)
  File "/raid/s203270/miniconda3/envs/llm_env/lib/python3.10/site-packages/httpcore/_async/connection.py", line 124, in _connect
    stream = await self._network_backend.connect_tcp(**kwargs)
  File "/raid/s203270/miniconda3/envs/llm_env/lib/python3.10/site-packages/httpcore/_backends/auto.py", line 31, in connect_tcp
    return await self._backend.connect_tcp(
  File "/raid/s203270/miniconda3/envs/llm_env/lib/python3.10/site-packages/httpcore/_backends/anyio.py", line 113, in connect_tcp
    with map_exceptions(exc_map):
  File "/raid/s203270/miniconda3/envs/llm_env/lib/python3.10/contextlib.py", line 153, in __exit__
    self.gen.throw(typ, value, traceback)
  File "/raid/s203270/miniconda3/envs/llm_env/lib/python3.10/site-packages/httpcore/_exceptions.py", line 14, in map_exceptions
    raise to_exc(exc) from exc
httpcore.ConnectError: All connection attempts failed

The above exception was the direct cause of the following exception:

Traceback (most recent call last):
  File "/raid/s203270/When-Retrieval-Isn-t-the-Problem/app/providers/ollama.py", line 63, in chat
    response = await client.post("/api/chat", json=payload)
  File "/raid/s203270/miniconda3/envs/llm_env/lib/python3.10/site-packages/httpx/_client.py", line 1859, in post
    return await self.request(
  File "/raid/s203270/miniconda3/envs/llm_env/lib/python3.10/site-packages/httpx/_client.py", line 1540, in request
    return await self.send(request, auth=auth, follow_redirects=follow_redirects)
  File "/raid/s203270/miniconda3/envs/llm_env/lib/python3.10/site-packages/httpx/_client.py", line 1629, in send
    response = await self._send_handling_auth(
  File "/raid/s203270/miniconda3/envs/llm_env/lib/python3.10/site-packages/httpx/_client.py", line 1657, in _send_handling_auth
    response = await self._send_handling_redirects(
  File "/raid/s203270/miniconda3/envs/llm_env/lib/python3.10/site-packages/httpx/_client.py", line 1694, in _send_handling_redirects
    response = await self._send_single_request(request)
  File "/raid/s203270/miniconda3/envs/llm_env/lib/python3.10/site-packages/httpx/_client.py", line 1730, in _send_single_request
    response = await transport.handle_async_request(request)
  File "/raid/s203270/miniconda3/envs/llm_env/lib/python3.10/site-packages/httpx/_transports/default.py", line 393, in handle_async_request
    with map_httpcore_exceptions():
  File "/raid/s203270/miniconda3/envs/llm_env/lib/python3.10/contextlib.py", line 153, in __exit__
    self.gen.throw(typ, value, traceback)
  File "/raid/s203270/miniconda3/envs/llm_env/lib/python3.10/site-packages/httpx/_transports/default.py", line 118, in map_httpcore_exceptions
    raise mapped_exc(message) from exc
httpx.ConnectError: All connection attempts failed

The above exception was the direct cause of the following exception:

Traceback (most recent call last):
  File "/raid/s203270/When-Retrieval-Isn-t-the-Problem/app/agents/backends.py", line 253, in complete
    response = await self._provider.chat(
  File "/raid/s203270/When-Retrieval-Isn-t-the-Problem/app/providers/ollama.py", line 66, in chat
    raise ProviderUnavailableError(
app.providers.base.ProviderUnavailableError: Cannot connect to Ollama at http://127.0.0.1:11434 (connection refused). Is `ollama serve` running and bound to this address? Check with `curl http://127.0.0.1:11434/api/tags`.

The above exception was the direct cause of the following exception:

Traceback (most recent call last):
  File "/raid/s203270/When-Retrieval-Isn-t-the-Problem/app/agents/agent.py", line 141, in _complete_or_none
    content = await self.backend.complete(messages, temperature=temperature)
  File "/raid/s203270/When-Retrieval-Isn-t-the-Problem/app/agents/backends.py", line 266, in complete
    raise RuntimeError(
RuntimeError: Ollama complete failed after 3 attempt(s): Cannot connect to Ollama at http://127.0.0.1:11434 (connection refused). Is `ollama serve` running and bound to this address? Check with `curl http://127.0.0.1:11434/api/tags`.
Agent relevance_checker received empty model response on retry.
Agent relevance_checker backend call failed.
Traceback (most recent call last):
  File "/raid/s203270/miniconda3/envs/llm_env/lib/python3.10/site-packages/httpx/_transports/default.py", line 101, in map_httpcore_exceptions
    yield
  File "/raid/s203270/miniconda3/envs/llm_env/lib/python3.10/site-packages/httpx/_transports/default.py", line 394, in handle_async_request
    resp = await self._pool.handle_async_request(req)
  File "/raid/s203270/miniconda3/envs/llm_env/lib/python3.10/site-packages/httpcore/_async/connection_pool.py", line 256, in handle_async_request
    raise exc from None
  File "/raid/s203270/miniconda3/envs/llm_env/lib/python3.10/site-packages/httpcore/_async/connection_pool.py", line 236, in handle_async_request
    response = await connection.handle_async_request(
  File "/raid/s203270/miniconda3/envs/llm_env/lib/python3.10/site-packages/httpcore/_async/connection.py", line 101, in handle_async_request
    raise exc
  File "/raid/s203270/miniconda3/envs/llm_env/lib/python3.10/site-packages/httpcore/_async/connection.py", line 78, in handle_async_request
    stream = await self._connect(request)
  File "/raid/s203270/miniconda3/envs/llm_env/lib/python3.10/site-packages/httpcore/_async/connection.py", line 124, in _connect
    stream = await self._network_backend.connect_tcp(**kwargs)
  File "/raid/s203270/miniconda3/envs/llm_env/lib/python3.10/site-packages/httpcore/_backends/auto.py", line 31, in connect_tcp
    return await self._backend.connect_tcp(
  File "/raid/s203270/miniconda3/envs/llm_env/lib/python3.10/site-packages/httpcore/_backends/anyio.py", line 113, in connect_tcp
    with map_exceptions(exc_map):
  File "/raid/s203270/miniconda3/envs/llm_env/lib/python3.10/contextlib.py", line 153, in __exit__
    self.gen.throw(typ, value, traceback)
  File "/raid/s203270/miniconda3/envs/llm_env/lib/python3.10/site-packages/httpcore/_exceptions.py", line 14, in map_exceptions
    raise to_exc(exc) from exc
httpcore.ConnectError: All connection attempts failed

The above exception was the direct cause of the following exception:

Traceback (most recent call last):
  File "/raid/s203270/When-Retrieval-Isn-t-the-Problem/app/providers/ollama.py", line 63, in chat
    response = await client.post("/api/chat", json=payload)
  File "/raid/s203270/miniconda3/envs/llm_env/lib/python3.10/site-packages/httpx/_client.py", line 1859, in post
    return await self.request(
  File "/raid/s203270/miniconda3/envs/llm_env/lib/python3.10/site-packages/httpx/_client.py", line 1540, in request
    return await self.send(request, auth=auth, follow_redirects=follow_redirects)
  File "/raid/s203270/miniconda3/envs/llm_env/lib/python3.10/site-packages/httpx/_client.py", line 1629, in send
    response = await self._send_handling_auth(
  File "/raid/s203270/miniconda3/envs/llm_env/lib/python3.10/site-packages/httpx/_client.py", line 1657, in _send_handling_auth
    response = await self._send_handling_redirects(
  File "/raid/s203270/miniconda3/envs/llm_env/lib/python3.10/site-packages/httpx/_client.py", line 1694, in _send_handling_redirects
    response = await self._send_single_request(request)
  File "/raid/s203270/miniconda3/envs/llm_env/lib/python3.10/site-packages/httpx/_client.py", line 1730, in _send_single_request
    response = await transport.handle_async_request(request)
  File "/raid/s203270/miniconda3/envs/llm_env/lib/python3.10/site-packages/httpx/_transports/default.py", line 393, in handle_async_request
    with map_httpcore_exceptions():
  File "/raid/s203270/miniconda3/envs/llm_env/lib/python3.10/contextlib.py", line 153, in __exit__
    self.gen.throw(typ, value, traceback)
  File "/raid/s203270/miniconda3/envs/llm_env/lib/python3.10/site-packages/httpx/_transports/default.py", line 118, in map_httpcore_exceptions
    raise mapped_exc(message) from exc
httpx.ConnectError: All connection attempts failed

The above exception was the direct cause of the following exception:

Traceback (most recent call last):
  File "/raid/s203270/When-Retrieval-Isn-t-the-Problem/app/agents/backends.py", line 253, in complete
    response = await self._provider.chat(
  File "/raid/s203270/When-Retrieval-Isn-t-the-Problem/app/providers/ollama.py", line 66, in chat
    raise ProviderUnavailableError(
app.providers.base.ProviderUnavailableError: Cannot connect to Ollama at http://127.0.0.1:11434 (connection refused). Is `ollama serve` running and bound to this address? Check with `curl http://127.0.0.1:11434/api/tags`.

The above exception was the direct cause of the following exception:

Traceback (most recent call last):
  File "/raid/s203270/When-Retrieval-Isn-t-the-Problem/app/agents/agent.py", line 141, in _complete_or_none
    content = await self.backend.complete(messages, temperature=temperature)
  File "/raid/s203270/When-Retrieval-Isn-t-the-Problem/app/agents/backends.py", line 266, in complete
    raise RuntimeError(
RuntimeError: Ollama complete failed after 3 attempt(s): Cannot connect to Ollama at http://127.0.0.1:11434 (connection refused). Is `ollama serve` running and bound to this address? Check with `curl http://127.0.0.1:11434/api/tags`.
Agent relevance_checker received empty model response.
Agent data_skeptic backend call failed.
Traceback (most recent call last):
  File "/raid/s203270/miniconda3/envs/llm_env/lib/python3.10/site-packages/httpx/_transports/default.py", line 101, in map_httpcore_exceptions
    yield
  File "/raid/s203270/miniconda3/envs/llm_env/lib/python3.10/site-packages/httpx/_transports/default.py", line 394, in handle_async_request
    resp = await self._pool.handle_async_request(req)
  File "/raid/s203270/miniconda3/envs/llm_env/lib/python3.10/site-packages/httpcore/_async/connection_pool.py", line 256, in handle_async_request
    raise exc from None
  File "/raid/s203270/miniconda3/envs/llm_env/lib/python3.10/site-packages/httpcore/_async/connection_pool.py", line 236, in handle_async_request
    response = await connection.handle_async_request(
  File "/raid/s203270/miniconda3/envs/llm_env/lib/python3.10/site-packages/httpcore/_async/connection.py", line 101, in handle_async_request
    raise exc
  File "/raid/s203270/miniconda3/envs/llm_env/lib/python3.10/site-packages/httpcore/_async/connection.py", line 78, in handle_async_request
    stream = await self._connect(request)
  File "/raid/s203270/miniconda3/envs/llm_env/lib/python3.10/site-packages/httpcore/_async/connection.py", line 124, in _connect
    stream = await self._network_backend.connect_tcp(**kwargs)
  File "/raid/s203270/miniconda3/envs/llm_env/lib/python3.10/site-packages/httpcore/_backends/auto.py", line 31, in connect_tcp
    return await self._backend.connect_tcp(
  File "/raid/s203270/miniconda3/envs/llm_env/lib/python3.10/site-packages/httpcore/_backends/anyio.py", line 113, in connect_tcp
    with map_exceptions(exc_map):
  File "/raid/s203270/miniconda3/envs/llm_env/lib/python3.10/contextlib.py", line 153, in __exit__
    self.gen.throw(typ, value, traceback)
  File "/raid/s203270/miniconda3/envs/llm_env/lib/python3.10/site-packages/httpcore/_exceptions.py", line 14, in map_exceptions
    raise to_exc(exc) from exc
httpcore.ConnectError: All connection attempts failed

The above exception was the direct cause of the following exception:

Traceback (most recent call last):
  File "/raid/s203270/When-Retrieval-Isn-t-the-Problem/app/providers/ollama.py", line 63, in chat
    response = await client.post("/api/chat", json=payload)
  File "/raid/s203270/miniconda3/envs/llm_env/lib/python3.10/site-packages/httpx/_client.py", line 1859, in post
    return await self.request(
  File "/raid/s203270/miniconda3/envs/llm_env/lib/python3.10/site-packages/httpx/_client.py", line 1540, in request
    return await self.send(request, auth=auth, follow_redirects=follow_redirects)
  File "/raid/s203270/miniconda3/envs/llm_env/lib/python3.10/site-packages/httpx/_client.py", line 1629, in send
    response = await self._send_handling_auth(
  File "/raid/s203270/miniconda3/envs/llm_env/lib/python3.10/site-packages/httpx/_client.py", line 1657, in _send_handling_auth
    response = await self._send_handling_redirects(
  File "/raid/s203270/miniconda3/envs/llm_env/lib/python3.10/site-packages/httpx/_client.py", line 1694, in _send_handling_redirects
    response = await self._send_single_request(request)
  File "/raid/s203270/miniconda3/envs/llm_env/lib/python3.10/site-packages/httpx/_client.py", line 1730, in _send_single_request
    response = await transport.handle_async_request(request)
  File "/raid/s203270/miniconda3/envs/llm_env/lib/python3.10/site-packages/httpx/_transports/default.py", line 393, in handle_async_request
    with map_httpcore_exceptions():
  File "/raid/s203270/miniconda3/envs/llm_env/lib/python3.10/contextlib.py", line 153, in __exit__
    self.gen.throw(typ, value, traceback)
  File "/raid/s203270/miniconda3/envs/llm_env/lib/python3.10/site-packages/httpx/_transports/default.py", line 118, in map_httpcore_exceptions
    raise mapped_exc(message) from exc
httpx.ConnectError: All connection attempts failed

The above exception was the direct cause of the following exception:

Traceback (most recent call last):
  File "/raid/s203270/When-Retrieval-Isn-t-the-Problem/app/agents/backends.py", line 253, in complete
    response = await self._provider.chat(
  File "/raid/s203270/When-Retrieval-Isn-t-the-Problem/app/providers/ollama.py", line 66, in chat
    raise ProviderUnavailableError(
app.providers.base.ProviderUnavailableError: Cannot connect to Ollama at http://127.0.0.1:11434 (connection refused). Is `ollama serve` running and bound to this address? Check with `curl http://127.0.0.1:11434/api/tags`.

The above exception was the direct cause of the following exception:

Traceback (most recent call last):
  File "/raid/s203270/When-Retrieval-Isn-t-the-Problem/app/agents/agent.py", line 141, in _complete_or_none
    content = await self.backend.complete(messages, temperature=temperature)
  File "/raid/s203270/When-Retrieval-Isn-t-the-Problem/app/agents/backends.py", line 266, in complete
    raise RuntimeError(
RuntimeError: Ollama complete failed after 3 attempt(s): Cannot connect to Ollama at http://127.0.0.1:11434 (connection refused). Is `ollama serve` running and bound to this address? Check with `curl http://127.0.0.1:11434/api/tags`.
Agent data_skeptic received empty model response.
Agent relevance_checker backend call failed.
Traceback (most recent call last):
  File "/raid/s203270/miniconda3/envs/llm_env/lib/python3.10/site-packages/httpx/_transports/default.py", line 101, in map_httpcore_exceptions
    yield
  File "/raid/s203270/miniconda3/envs/llm_env/lib/python3.10/site-packages/httpx/_transports/default.py", line 394, in handle_async_request
    resp = await self._pool.handle_async_request(req)
  File "/raid/s203270/miniconda3/envs/llm_env/lib/python3.10/site-packages/httpcore/_async/connection_pool.py", line 256, in handle_async_request
    raise exc from None
  File "/raid/s203270/miniconda3/envs/llm_env/lib/python3.10/site-packages/httpcore/_async/connection_pool.py", line 236, in handle_async_request
    response = await connection.handle_async_request(
  File "/raid/s203270/miniconda3/envs/llm_env/lib/python3.10/site-packages/httpcore/_async/connection.py", line 101, in handle_async_request
    raise exc
  File "/raid/s203270/miniconda3/envs/llm_env/lib/python3.10/site-packages/httpcore/_async/connection.py", line 78, in handle_async_request
    stream = await self._connect(request)
  File "/raid/s203270/miniconda3/envs/llm_env/lib/python3.10/site-packages/httpcore/_async/connection.py", line 124, in _connect
    stream = await self._network_backend.connect_tcp(**kwargs)
  File "/raid/s203270/miniconda3/envs/llm_env/lib/python3.10/site-packages/httpcore/_backends/auto.py", line 31, in connect_tcp
    return await self._backend.connect_tcp(
  File "/raid/s203270/miniconda3/envs/llm_env/lib/python3.10/site-packages/httpcore/_backends/anyio.py", line 113, in connect_tcp
    with map_exceptions(exc_map):
  File "/raid/s203270/miniconda3/envs/llm_env/lib/python3.10/contextlib.py", line 153, in __exit__
    self.gen.throw(typ, value, traceback)
  File "/raid/s203270/miniconda3/envs/llm_env/lib/python3.10/site-packages/httpcore/_exceptions.py", line 14, in map_exceptions
    raise to_exc(exc) from exc
httpcore.ConnectError: All connection attempts failed

The above exception was the direct cause of the following exception:

Traceback (most recent call last):
  File "/raid/s203270/When-Retrieval-Isn-t-the-Problem/app/providers/ollama.py", line 63, in chat
    response = await client.post("/api/chat", json=payload)
  File "/raid/s203270/miniconda3/envs/llm_env/lib/python3.10/site-packages/httpx/_client.py", line 1859, in post
    return await self.request(
  File "/raid/s203270/miniconda3/envs/llm_env/lib/python3.10/site-packages/httpx/_client.py", line 1540, in request
    return await self.send(request, auth=auth, follow_redirects=follow_redirects)
  File "/raid/s203270/miniconda3/envs/llm_env/lib/python3.10/site-packages/httpx/_client.py", line 1629, in send
    response = await self._send_handling_auth(
  File "/raid/s203270/miniconda3/envs/llm_env/lib/python3.10/site-packages/httpx/_client.py", line 1657, in _send_handling_auth
    response = await self._send_handling_redirects(
  File "/raid/s203270/miniconda3/envs/llm_env/lib/python3.10/site-packages/httpx/_client.py", line 1694, in _send_handling_redirects
    response = await self._send_single_request(request)
  File "/raid/s203270/miniconda3/envs/llm_env/lib/python3.10/site-packages/httpx/_client.py", line 1730, in _send_single_request
    response = await transport.handle_async_request(request)
  File "/raid/s203270/miniconda3/envs/llm_env/lib/python3.10/site-packages/httpx/_transports/default.py", line 393, in handle_async_request
    with map_httpcore_exceptions():
  File "/raid/s203270/miniconda3/envs/llm_env/lib/python3.10/contextlib.py", line 153, in __exit__
    self.gen.throw(typ, value, traceback)
  File "/raid/s203270/miniconda3/envs/llm_env/lib/python3.10/site-packages/httpx/_transports/default.py", line 118, in map_httpcore_exceptions
    raise mapped_exc(message) from exc
httpx.ConnectError: All connection attempts failed

The above exception was the direct cause of the following exception:

Traceback (most recent call last):
  File "/raid/s203270/When-Retrieval-Isn-t-the-Problem/app/agents/backends.py", line 253, in complete
    response = await self._provider.chat(
  File "/raid/s203270/When-Retrieval-Isn-t-the-Problem/app/providers/ollama.py", line 66, in chat
    raise ProviderUnavailableError(
app.providers.base.ProviderUnavailableError: Cannot connect to Ollama at http://127.0.0.1:11434 (connection refused). Is `ollama serve` running and bound to this address? Check with `curl http://127.0.0.1:11434/api/tags`.

The above exception was the direct cause of the following exception:

Traceback (most recent call last):
  File "/raid/s203270/When-Retrieval-Isn-t-the-Problem/app/agents/agent.py", line 141, in _complete_or_none
    content = await self.backend.complete(messages, temperature=temperature)
  File "/raid/s203270/When-Retrieval-Isn-t-the-Problem/app/agents/backends.py", line 266, in complete
    raise RuntimeError(
RuntimeError: Ollama complete failed after 3 attempt(s): Cannot connect to Ollama at http://127.0.0.1:11434 (connection refused). Is `ollama serve` running and bound to this address? Check with `curl http://127.0.0.1:11434/api/tags`.
Agent relevance_checker received empty model response on retry.
Agent data_skeptic backend call failed.
Traceback (most recent call last):
  File "/raid/s203270/miniconda3/envs/llm_env/lib/python3.10/site-packages/httpx/_transports/default.py", line 101, in map_httpcore_exceptions
    yield
  File "/raid/s203270/miniconda3/envs/llm_env/lib/python3.10/site-packages/httpx/_transports/default.py", line 394, in handle_async_request
    resp = await self._pool.handle_async_request(req)
  File "/raid/s203270/miniconda3/envs/llm_env/lib/python3.10/site-packages/httpcore/_async/connection_pool.py", line 256, in handle_async_request
    raise exc from None
  File "/raid/s203270/miniconda3/envs/llm_env/lib/python3.10/site-packages/httpcore/_async/connection_pool.py", line 236, in handle_async_request
    response = await connection.handle_async_request(
  File "/raid/s203270/miniconda3/envs/llm_env/lib/python3.10/site-packages/httpcore/_async/connection.py", line 101, in handle_async_request
    raise exc
  File "/raid/s203270/miniconda3/envs/llm_env/lib/python3.10/site-packages/httpcore/_async/connection.py", line 78, in handle_async_request
    stream = await self._connect(request)
  File "/raid/s203270/miniconda3/envs/llm_env/lib/python3.10/site-packages/httpcore/_async/connection.py", line 124, in _connect
    stream = await self._network_backend.connect_tcp(**kwargs)
  File "/raid/s203270/miniconda3/envs/llm_env/lib/python3.10/site-packages/httpcore/_backends/auto.py", line 31, in connect_tcp
    return await self._backend.connect_tcp(
  File "/raid/s203270/miniconda3/envs/llm_env/lib/python3.10/site-packages/httpcore/_backends/anyio.py", line 113, in connect_tcp
    with map_exceptions(exc_map):
  File "/raid/s203270/miniconda3/envs/llm_env/lib/python3.10/contextlib.py", line 153, in __exit__
    self.gen.throw(typ, value, traceback)
  File "/raid/s203270/miniconda3/envs/llm_env/lib/python3.10/site-packages/httpcore/_exceptions.py", line 14, in map_exceptions
    raise to_exc(exc) from exc
httpcore.ConnectError: All connection attempts failed

The above exception was the direct cause of the following exception:

Traceback (most recent call last):
  File "/raid/s203270/When-Retrieval-Isn-t-the-Problem/app/providers/ollama.py", line 63, in chat
    response = await client.post("/api/chat", json=payload)
  File "/raid/s203270/miniconda3/envs/llm_env/lib/python3.10/site-packages/httpx/_client.py", line 1859, in post
    return await self.request(
  File "/raid/s203270/miniconda3/envs/llm_env/lib/python3.10/site-packages/httpx/_client.py", line 1540, in request
    return await self.send(request, auth=auth, follow_redirects=follow_redirects)
  File "/raid/s203270/miniconda3/envs/llm_env/lib/python3.10/site-packages/httpx/_client.py", line 1629, in send
    response = await self._send_handling_auth(
  File "/raid/s203270/miniconda3/envs/llm_env/lib/python3.10/site-packages/httpx/_client.py", line 1657, in _send_handling_auth
    response = await self._send_handling_redirects(
  File "/raid/s203270/miniconda3/envs/llm_env/lib/python3.10/site-packages/httpx/_client.py", line 1694, in _send_handling_redirects
    response = await self._send_single_request(request)
  File "/raid/s203270/miniconda3/envs/llm_env/lib/python3.10/site-packages/httpx/_client.py", line 1730, in _send_single_request
    response = await transport.handle_async_request(request)
  File "/raid/s203270/miniconda3/envs/llm_env/lib/python3.10/site-packages/httpx/_transports/default.py", line 393, in handle_async_request
    with map_httpcore_exceptions():
  File "/raid/s203270/miniconda3/envs/llm_env/lib/python3.10/contextlib.py", line 153, in __exit__
    self.gen.throw(typ, value, traceback)
  File "/raid/s203270/miniconda3/envs/llm_env/lib/python3.10/site-packages/httpx/_transports/default.py", line 118, in map_httpcore_exceptions
    raise mapped_exc(message) from exc
httpx.ConnectError: All connection attempts failed

The above exception was the direct cause of the following exception:

Traceback (most recent call last):
  File "/raid/s203270/When-Retrieval-Isn-t-the-Problem/app/agents/backends.py", line 253, in complete
    response = await self._provider.chat(
  File "/raid/s203270/When-Retrieval-Isn-t-the-Problem/app/providers/ollama.py", line 66, in chat
    raise ProviderUnavailableError(
app.providers.base.ProviderUnavailableError: Cannot connect to Ollama at http://127.0.0.1:11434 (connection refused). Is `ollama serve` running and bound to this address? Check with `curl http://127.0.0.1:11434/api/tags`.

The above exception was the direct cause of the following exception:

Traceback (most recent call last):
  File "/raid/s203270/When-Retrieval-Isn-t-the-Problem/app/agents/agent.py", line 141, in _complete_or_none
    content = await self.backend.complete(messages, temperature=temperature)
  File "/raid/s203270/When-Retrieval-Isn-t-the-Problem/app/agents/backends.py", line 266, in complete
    raise RuntimeError(
RuntimeError: Ollama complete failed after 3 attempt(s): Cannot connect to Ollama at http://127.0.0.1:11434 (connection refused). Is `ollama serve` running and bound to this address? Check with `curl http://127.0.0.1:11434/api/tags`.
Agent data_skeptic received empty model response on retry.
Agent data_skeptic backend call failed.
Traceback (most recent call last):
  File "/raid/s203270/miniconda3/envs/llm_env/lib/python3.10/site-packages/httpx/_transports/default.py", line 101, in map_httpcore_exceptions
    yield
  File "/raid/s203270/miniconda3/envs/llm_env/lib/python3.10/site-packages/httpx/_transports/default.py", line 394, in handle_async_request
    resp = await self._pool.handle_async_request(req)
  File "/raid/s203270/miniconda3/envs/llm_env/lib/python3.10/site-packages/httpcore/_async/connection_pool.py", line 256, in handle_async_request
    raise exc from None
  File "/raid/s203270/miniconda3/envs/llm_env/lib/python3.10/site-packages/httpcore/_async/connection_pool.py", line 236, in handle_async_request
    response = await connection.handle_async_request(
  File "/raid/s203270/miniconda3/envs/llm_env/lib/python3.10/site-packages/httpcore/_async/connection.py", line 101, in handle_async_request
    raise exc
  File "/raid/s203270/miniconda3/envs/llm_env/lib/python3.10/site-packages/httpcore/_async/connection.py", line 78, in handle_async_request
    stream = await self._connect(request)
  File "/raid/s203270/miniconda3/envs/llm_env/lib/python3.10/site-packages/httpcore/_async/connection.py", line 124, in _connect
    stream = await self._network_backend.connect_tcp(**kwargs)
  File "/raid/s203270/miniconda3/envs/llm_env/lib/python3.10/site-packages/httpcore/_backends/auto.py", line 31, in connect_tcp
    return await self._backend.connect_tcp(
  File "/raid/s203270/miniconda3/envs/llm_env/lib/python3.10/site-packages/httpcore/_backends/anyio.py", line 113, in connect_tcp
    with map_exceptions(exc_map):
  File "/raid/s203270/miniconda3/envs/llm_env/lib/python3.10/contextlib.py", line 153, in __exit__
    self.gen.throw(typ, value, traceback)
  File "/raid/s203270/miniconda3/envs/llm_env/lib/python3.10/site-packages/httpcore/_exceptions.py", line 14, in map_exceptions
    raise to_exc(exc) from exc
httpcore.ConnectError: All connection attempts failed

The above exception was the direct cause of the following exception:

Traceback (most recent call last):
  File "/raid/s203270/When-Retrieval-Isn-t-the-Problem/app/providers/ollama.py", line 63, in chat
    response = await client.post("/api/chat", json=payload)
  File "/raid/s203270/miniconda3/envs/llm_env/lib/python3.10/site-packages/httpx/_client.py", line 1859, in post
    return await self.request(
  File "/raid/s203270/miniconda3/envs/llm_env/lib/python3.10/site-packages/httpx/_client.py", line 1540, in request
    return await self.send(request, auth=auth, follow_redirects=follow_redirects)
  File "/raid/s203270/miniconda3/envs/llm_env/lib/python3.10/site-packages/httpx/_client.py", line 1629, in send
    response = await self._send_handling_auth(
  File "/raid/s203270/miniconda3/envs/llm_env/lib/python3.10/site-packages/httpx/_client.py", line 1657, in _send_handling_auth
    response = await self._send_handling_redirects(
  File "/raid/s203270/miniconda3/envs/llm_env/lib/python3.10/site-packages/httpx/_client.py", line 1694, in _send_handling_redirects
    response = await self._send_single_request(request)
  File "/raid/s203270/miniconda3/envs/llm_env/lib/python3.10/site-packages/httpx/_client.py", line 1730, in _send_single_request
    response = await transport.handle_async_request(request)
  File "/raid/s203270/miniconda3/envs/llm_env/lib/python3.10/site-packages/httpx/_transports/default.py", line 393, in handle_async_request
    with map_httpcore_exceptions():
  File "/raid/s203270/miniconda3/envs/llm_env/lib/python3.10/contextlib.py", line 153, in __exit__
    self.gen.throw(typ, value, traceback)
  File "/raid/s203270/miniconda3/envs/llm_env/lib/python3.10/site-packages/httpx/_transports/default.py", line 118, in map_httpcore_exceptions
    raise mapped_exc(message) from exc
httpx.ConnectError: All connection attempts failed

The above exception was the direct cause of the following exception:

Traceback (most recent call last):
  File "/raid/s203270/When-Retrieval-Isn-t-the-Problem/app/agents/backends.py", line 253, in complete
    response = await self._provider.chat(
  File "/raid/s203270/When-Retrieval-Isn-t-the-Problem/app/providers/ollama.py", line 66, in chat
    raise ProviderUnavailableError(
app.providers.base.ProviderUnavailableError: Cannot connect to Ollama at http://127.0.0.1:11434 (connection refused). Is `ollama serve` running and bound to this address? Check with `curl http://127.0.0.1:11434/api/tags`.

The above exception was the direct cause of the following exception:

Traceback (most recent call last):
  File "/raid/s203270/When-Retrieval-Isn-t-the-Problem/app/agents/agent.py", line 141, in _complete_or_none
    content = await self.backend.complete(messages, temperature=temperature)
  File "/raid/s203270/When-Retrieval-Isn-t-the-Problem/app/agents/backends.py", line 266, in complete
    raise RuntimeError(
RuntimeError: Ollama complete failed after 3 attempt(s): Cannot connect to Ollama at http://127.0.0.1:11434 (connection refused). Is `ollama serve` running and bound to this address? Check with `curl http://127.0.0.1:11434/api/tags`.
Agent data_skeptic received empty model response.
Agent data_skeptic backend call failed.
Traceback (most recent call last):
  File "/raid/s203270/miniconda3/envs/llm_env/lib/python3.10/site-packages/httpx/_transports/default.py", line 101, in map_httpcore_exceptions
    yield
  File "/raid/s203270/miniconda3/envs/llm_env/lib/python3.10/site-packages/httpx/_transports/default.py", line 394, in handle_async_request
    resp = await self._pool.handle_async_request(req)
  File "/raid/s203270/miniconda3/envs/llm_env/lib/python3.10/site-packages/httpcore/_async/connection_pool.py", line 256, in handle_async_request
    raise exc from None
  File "/raid/s203270/miniconda3/envs/llm_env/lib/python3.10/site-packages/httpcore/_async/connection_pool.py", line 236, in handle_async_request
    response = await connection.handle_async_request(
  File "/raid/s203270/miniconda3/envs/llm_env/lib/python3.10/site-packages/httpcore/_async/connection.py", line 101, in handle_async_request
    raise exc
  File "/raid/s203270/miniconda3/envs/llm_env/lib/python3.10/site-packages/httpcore/_async/connection.py", line 78, in handle_async_request
    stream = await self._connect(request)
  File "/raid/s203270/miniconda3/envs/llm_env/lib/python3.10/site-packages/httpcore/_async/connection.py", line 124, in _connect
    stream = await self._network_backend.connect_tcp(**kwargs)
  File "/raid/s203270/miniconda3/envs/llm_env/lib/python3.10/site-packages/httpcore/_backends/auto.py", line 31, in connect_tcp
    return await self._backend.connect_tcp(
  File "/raid/s203270/miniconda3/envs/llm_env/lib/python3.10/site-packages/httpcore/_backends/anyio.py", line 113, in connect_tcp
    with map_exceptions(exc_map):
  File "/raid/s203270/miniconda3/envs/llm_env/lib/python3.10/contextlib.py", line 153, in __exit__
    self.gen.throw(typ, value, traceback)
  File "/raid/s203270/miniconda3/envs/llm_env/lib/python3.10/site-packages/httpcore/_exceptions.py", line 14, in map_exceptions
    raise to_exc(exc) from exc
httpcore.ConnectError: All connection attempts failed

The above exception was the direct cause of the following exception:

Traceback (most recent call last):
  File "/raid/s203270/When-Retrieval-Isn-t-the-Problem/app/providers/ollama.py", line 63, in chat
    response = await client.post("/api/chat", json=payload)
  File "/raid/s203270/miniconda3/envs/llm_env/lib/python3.10/site-packages/httpx/_client.py", line 1859, in post
    return await self.request(
  File "/raid/s203270/miniconda3/envs/llm_env/lib/python3.10/site-packages/httpx/_client.py", line 1540, in request
    return await self.send(request, auth=auth, follow_redirects=follow_redirects)
  File "/raid/s203270/miniconda3/envs/llm_env/lib/python3.10/site-packages/httpx/_client.py", line 1629, in send
    response = await self._send_handling_auth(
  File "/raid/s203270/miniconda3/envs/llm_env/lib/python3.10/site-packages/httpx/_client.py", line 1657, in _send_handling_auth
    response = await self._send_handling_redirects(
  File "/raid/s203270/miniconda3/envs/llm_env/lib/python3.10/site-packages/httpx/_client.py", line 1694, in _send_handling_redirects
    response = await self._send_single_request(request)
  File "/raid/s203270/miniconda3/envs/llm_env/lib/python3.10/site-packages/httpx/_client.py", line 1730, in _send_single_request
    response = await transport.handle_async_request(request)
  File "/raid/s203270/miniconda3/envs/llm_env/lib/python3.10/site-packages/httpx/_transports/default.py", line 393, in handle_async_request
    with map_httpcore_exceptions():
  File "/raid/s203270/miniconda3/envs/llm_env/lib/python3.10/contextlib.py", line 153, in __exit__
    self.gen.throw(typ, value, traceback)
  File "/raid/s203270/miniconda3/envs/llm_env/lib/python3.10/site-packages/httpx/_transports/default.py", line 118, in map_httpcore_exceptions
    raise mapped_exc(message) from exc
httpx.ConnectError: All connection attempts failed

The above exception was the direct cause of the following exception:

Traceback (most recent call last):
  File "/raid/s203270/When-Retrieval-Isn-t-the-Problem/app/agents/backends.py", line 253, in complete
    response = await self._provider.chat(
  File "/raid/s203270/When-Retrieval-Isn-t-the-Problem/app/providers/ollama.py", line 66, in chat
    raise ProviderUnavailableError(
app.providers.base.ProviderUnavailableError: Cannot connect to Ollama at http://127.0.0.1:11434 (connection refused). Is `ollama serve` running and bound to this address? Check with `curl http://127.0.0.1:11434/api/tags`.

The above exception was the direct cause of the following exception:

Traceback (most recent call last):
  File "/raid/s203270/When-Retrieval-Isn-t-the-Problem/app/agents/agent.py", line 141, in _complete_or_none
    content = await self.backend.complete(messages, temperature=temperature)
  File "/raid/s203270/When-Retrieval-Isn-t-the-Problem/app/agents/backends.py", line 266, in complete
    raise RuntimeError(
RuntimeError: Ollama complete failed after 3 attempt(s): Cannot connect to Ollama at http://127.0.0.1:11434 (connection refused). Is `ollama serve` running and bound to this address? Check with `curl http://127.0.0.1:11434/api/tags`.
Agent data_skeptic received empty model response on retry.
[3/90] PASS id=pubmedqa-official-18284441 exp=maybe pred=maybe bert=yes rule=exhausted_no_consensus r1=yes rounds=2 (159786 ms)
[4/90] FAIL id=pubmedqa-official-26163474 exp=yes pred=maybe bert=yes rule=exhausted_no_consensus r1=yes rounds=2 (159749 ms)
[5/90] PASS id=pubmedqa-official-24669960 exp=no pred=no bert=no rule=llm_director r1=no rounds=2 (86215 ms)
[6/90] FAIL id=pubmedqa-official-18802997 exp=maybe pred=yes bert=yes rule=llm_director r1=yes rounds=2 (96388 ms)
[7/90] PASS id=pubmedqa-official-19100463 exp=yes pred=yes bert=yes rule=llm_director r1=yes rounds=2 (53196 ms)
[8/90] PASS id=pubmedqa-official-15502995 exp=no pred=no bert=no rule=llm_director r1=no rounds=2 (42919 ms)
[9/90] FAIL id=pubmedqa-official-17621202 exp=maybe pred=no bert=no rule=llm_director r1=no rounds=2 (50683 ms)
[10/90] PASS id=pubmedqa-official-18537964 exp=yes pred=yes bert=yes rule=llm_director r1=yes rounds=2 (50180 ms)
[11/90] PASS id=pubmedqa-official-21214884 exp=no pred=no bert=no rule=llm_director r1=no rounds=2 (51947 ms)
[12/90] FAIL id=pubmedqa-official-11411430 exp=maybe pred=yes bert=yes rule=llm_director r1=yes rounds=2 (57477 ms)
[13/90] PASS id=pubmedqa-official-12913878 exp=yes pred=yes bert=yes rule=llm_director r1=yes rounds=2 (60634 ms)
[14/90] PASS id=pubmedqa-official-24476003 exp=no pred=no bert=no rule=llm_director r1=no rounds=2 (55447 ms)
[16/90] PASS id=pubmedqa-official-12765819 exp=yes pred=yes bert=yes rule=llm_director r1=yes rounds=2 (57359 ms)
[15/90] FAIL id=pubmedqa-official-26708803 exp=maybe pred=yes bert=yes rule=llm_director r1=yes rounds=2 (59449 ms)
[17/90] PASS id=pubmedqa-official-22758782 exp=no pred=no bert=no rule=llm_director r1=no rounds=2 (63164 ms)
[18/90] PASS id=pubmedqa-official-25079920 exp=maybe pred=maybe bert=no rule=exhausted_no_consensus r1=no rounds=2 (63441 ms)
[20/90] FAIL id=pubmedqa-official-14627582 exp=no pred=yes bert=yes rule=llm_director r1=yes rounds=2 (53201 ms)
[19/90] PASS id=pubmedqa-official-25475395 exp=yes pred=yes bert=yes rule=llm_director r1=yes rounds=2 (63260 ms)
[21/90] FAIL id=pubmedqa-official-25793749 exp=maybe pred=yes bert=yes rule=llm_director r1=yes rounds=2 (65922 ms)
[22/90] PASS id=pubmedqa-official-19130332 exp=yes pred=yes bert=yes rule=llm_director r1=yes rounds=2 (58046 ms)
[23/90] PASS id=pubmedqa-official-24666444 exp=no pred=no bert=no rule=llm_director r1=no rounds=2 (59667 ms)
[24/90] PASS id=pubmedqa-official-19103915 exp=maybe pred=maybe bert=yes rule=exhausted_no_consensus r1=maybe rounds=2 (59990 ms)
[25/90] PASS id=pubmedqa-official-9427037 exp=yes pred=yes bert=yes rule=llm_director r1=yes rounds=2 (59251 ms)
[26/90] PASS id=pubmedqa-official-18496363 exp=no pred=no bert=no rule=llm_director r1=no rounds=2 (60274 ms)
[28/90] PASS id=pubmedqa-official-24481006 exp=yes pred=yes bert=yes rule=llm_director r1=yes rounds=2 (53853 ms)
[27/90] PASS id=pubmedqa-official-11867487 exp=maybe pred=maybe bert=maybe rule=llm_director r1=maybe rounds=2 (63776 ms)
[29/90] PASS id=pubmedqa-official-12040336 exp=no pred=no bert=no rule=llm_director r1=no rounds=2 (58653 ms)
[30/90] FAIL id=pubmedqa-official-12630042 exp=maybe pred=yes bert=yes rule=llm_director r1=yes rounds=2 (51714 ms)
[32/90] PASS id=pubmedqa-official-14631523 exp=no pred=no bert=no rule=llm_director r1=no rounds=2 (62856 ms)
[31/90] PASS id=pubmedqa-official-8165771 exp=yes pred=yes bert=yes rule=llm_director r1=yes rounds=2 (64729 ms)
[34/90] PASS id=pubmedqa-official-22680064 exp=yes pred=yes bert=yes rule=llm_director r1=yes rounds=2 (55592 ms)
[33/90] PASS id=pubmedqa-official-19468282 exp=maybe pred=maybe bert=no rule=exhausted_no_consensus r1=no rounds=2 (58513 ms)
[36/90] FAIL id=pubmedqa-official-16538201 exp=maybe pred=yes bert=yes rule=llm_director r1=yes rounds=2 (58672 ms)
[35/90] PASS id=pubmedqa-official-21823940 exp=no pred=no bert=no rule=llm_director r1=no rounds=2 (61410 ms)
[38/90] PASS id=pubmedqa-official-17971187 exp=no pred=no bert=no rule=llm_director r1=no rounds=2 (53957 ms)
[37/90] PASS id=pubmedqa-official-22540518 exp=yes pred=yes bert=yes rule=llm_director r1=yes rounds=2 (55754 ms)
[40/90] FAIL id=pubmedqa-official-20629769 exp=yes pred=maybe bert=yes rule=exhausted_no_consensus r1=yes rounds=2 (62088 ms)
[39/90] FAIL id=pubmedqa-official-20971618 exp=maybe pred=no bert=no rule=llm_director r1=no rounds=2 (64586 ms)
[41/90] FAIL id=pubmedqa-official-27642458 exp=no pred=maybe bert=no rule=exhausted_no_consensus r1=no rounds=2 (61829 ms)
[42/90] PASS id=pubmedqa-official-24336869 exp=maybe pred=maybe bert=maybe rule=llm_director r1=maybe rounds=2 (62177 ms)
[43/90] PASS id=pubmedqa-official-21726930 exp=yes pred=yes bert=yes rule=llm_director r1=yes rounds=2 (58756 ms)
[44/90] PASS id=pubmedqa-official-12970636 exp=no pred=no bert=no rule=llm_director r1=no rounds=2 (57764 ms)
[45/90] FAIL id=pubmedqa-official-20197761 exp=maybe pred=no bert=no rule=llm_director r1=no rounds=2 (57206 ms)
[46/90] PASS id=pubmedqa-official-21481154 exp=yes pred=yes bert=yes rule=llm_director r1=yes rounds=2 (57096 ms)
[48/90] FAIL id=pubmedqa-official-16968876 exp=maybe pred=yes bert=yes rule=llm_director r1=yes rounds=2 (56750 ms)
[47/90] PASS id=pubmedqa-official-11138995 exp=no pred=no bert=no rule=llm_director r1=no rounds=2 (65949 ms)
[49/90] PASS id=pubmedqa-official-22902073 exp=yes pred=yes bert=yes rule=llm_director r1=yes rounds=2 (53558 ms)
[50/90] PASS id=pubmedqa-official-15388567 exp=no pred=no bert=no rule=llm_director r1=no rounds=2 (52654 ms)
[52/90] FAIL id=pubmedqa-official-26370095 exp=yes pred=no bert=no rule=llm_director r1=no rounds=2 (63750 ms)
[51/90] PASS id=pubmedqa-official-26778755 exp=maybe pred=maybe bert=no rule=exhausted_no_consensus r1=no rounds=2 (72156 ms)
[53/90] PASS id=pubmedqa-official-19142546 exp=no pred=no bert=no rule=llm_director r1=no rounds=2 (53984 ms)
[54/90] FAIL id=pubmedqa-official-18568290 exp=maybe pred=no bert=no rule=llm_director r1=no rounds=2 (68806 ms)
[55/90] FAIL id=pubmedqa-official-18041059 exp=yes pred=no bert=no rule=llm_director r1=no rounds=2 (65973 ms)
[56/90] PASS id=pubmedqa-official-8921484 exp=no pred=no bert=no rule=llm_director r1=no rounds=2 (57818 ms)
[58/90] PASS id=pubmedqa-official-15041506 exp=yes pred=yes bert=yes rule=llm_director r1=yes rounds=2 (56604 ms)
[57/90] FAIL id=pubmedqa-official-25371231 exp=maybe pred=no bert=no rule=llm_director r1=no rounds=2 (65059 ms)
[59/90] PASS id=pubmedqa-official-26209118 exp=no pred=no bert=no rule=llm_director r1=no rounds=2 (61525 ms)
[60/90] FAIL id=pubmedqa-official-25394614 exp=maybe pred=no bert=no rule=llm_director r1=no rounds=2 (61497 ms)
[62/90] PASS id=pubmedqa-official-22668852 exp=no pred=no bert=no rule=llm_director r1=no rounds=2 (60818 ms)
[61/90] FAIL id=pubmedqa-official-11146778 exp=yes pred=no bert=no rule=llm_director r1=no rounds=2 (63377 ms)
[63/90] FAIL id=pubmedqa-official-11570976 exp=maybe pred=no bert=no rule=llm_director r1=no rounds=2 (52947 ms)
[64/90] PASS id=pubmedqa-official-27281318 exp=yes pred=yes bert=yes rule=llm_director r1=yes rounds=2 (52691 ms)
[66/90] PASS id=pubmedqa-official-16816043 exp=maybe pred=maybe bert=maybe rule=llm_director r1=maybe rounds=2 (60711 ms)
[65/90] PASS id=pubmedqa-official-18019905 exp=no pred=no bert=no rule=llm_director r1=no rounds=2 (63553 ms)
[68/90] FAIL id=pubmedqa-official-18378554 exp=no pred=maybe bert=no rule=exhausted_no_consensus r1=no rounds=2 (64746 ms)
[67/90] PASS id=pubmedqa-official-21645374 exp=yes pred=yes bert=yes rule=llm_director r1=yes rounds=2 (68307 ms)
[69/90] PASS id=pubmedqa-official-12805495 exp=maybe pred=maybe bert=maybe rule=llm_director r1=maybe rounds=2 (70735 ms)
[70/90] PASS id=pubmedqa-official-9465206 exp=yes pred=yes bert=yes rule=llm_director r1=yes rounds=2 (71252 ms)
[71/90] PASS id=pubmedqa-official-24073931 exp=no pred=no bert=no rule=llm_director r1=no rounds=2 (52945 ms)
[72/90] FAIL id=pubmedqa-official-25571931 exp=maybe pred=no bert=no rule=llm_director r1=no rounds=2 (61977 ms)
[73/90] PASS id=pubmedqa-official-25887165 exp=yes pred=yes bert=yes rule=llm_director r1=no rounds=2 (52298 ms)
[74/90] PASS id=pubmedqa-official-7547656 exp=no pred=no bert=no rule=llm_director r1=no rounds=2 (52149 ms)
[75/90] FAIL id=pubmedqa-official-19578820 exp=maybe pred=no bert=no rule=llm_director r1=no rounds=2 (61443 ms)
[76/90] PASS id=pubmedqa-official-15995461 exp=yes pred=yes bert=yes rule=llm_director r1=yes rounds=2 (52682 ms)
[78/90] FAIL id=pubmedqa-official-18243752 exp=maybe pred=no bert=no rule=llm_director r1=no rounds=2 (54267 ms)
[77/90] FAIL id=pubmedqa-official-28359277 exp=no pred=yes bert=yes rule=llm_director r1=yes rounds=2 (58004 ms)
[80/90] PASS id=pubmedqa-official-18667100 exp=no pred=no bert=no rule=llm_director r1=no rounds=2 (58901 ms)
[79/90] PASS id=pubmedqa-official-21850494 exp=yes pred=yes bert=yes rule=llm_director r1=yes rounds=2 (62944 ms)
[81/90] FAIL id=pubmedqa-official-11458136 exp=maybe pred=no bert=no rule=llm_director r1=no rounds=2 (59471 ms)
[82/90] PASS id=pubmedqa-official-19106867 exp=yes pred=yes bert=yes rule=llm_director r1=yes rounds=2 (58041 ms)
[83/90] PASS id=pubmedqa-official-10781708 exp=no pred=no bert=no rule=llm_director r1=no rounds=2 (55415 ms)
[84/90] FAIL id=pubmedqa-official-12790890 exp=maybe pred=no bert=no rule=llm_director r1=no rounds=2 (54543 ms)
[85/90] PASS id=pubmedqa-official-21342862 exp=yes pred=yes bert=yes rule=llm_director r1=yes rounds=2 (57396 ms)
[86/90] PASS id=pubmedqa-official-22522271 exp=no pred=no bert=no rule=llm_director r1=no rounds=2 (57427 ms)
[88/90] PASS id=pubmedqa-official-24352924 exp=yes pred=yes bert=yes rule=llm_director r1=no rounds=2 (59927 ms)
[87/90] FAIL id=pubmedqa-official-18714572 exp=maybe pred=no bert=no rule=llm_director r1=no rounds=2 (61536 ms)
[89/90] PASS id=pubmedqa-official-11955750 exp=no pred=no bert=no rule=llm_director r1=no rounds=2 (66293 ms)
[90/90] PASS id=pubmedqa-official-25103647 exp=maybe pred=maybe bert=yes rule=exhausted_no_consensus r1=yes rounds=2 (66055 ms)

Wrote /raid/s203270/When-Retrieval-Isn-t-the-Problem/reports/debate/stage1_director_balanced90_peer_llm_director.json
Wrote /raid/s203270/When-Retrieval-Isn-t-the-Problem/reports/debate/stage1_director_balanced90_peer_llm_director.md
label_accuracy=0.678 biolinkbert_accuracy=0.6555555555555556 early_exit_rate=0.0 mean_latency_ms=65281.2
